{"kind":"CubeQueryTableSchema","id":"cade6e31444e560e1eb99616b904c184","isDeleted":false,"rev":"1-720e2ac34b7043635ba498b84782d43e","description":"","name":"row","createdBy":"test","acl":{"kind":"Acl","owner":"test","aces":[]},"createdDate":{"kind":"Date","value":"2023-09-12T13:57:11.905036Z"},"lastModifiedDate":{"kind":"Date","value":"2023-09-12T13:57:11.905036Z"},"urls":[],"tags":[],"meta":[{"kind":"Pair","key":"sex.size_in_bytes","value":"112"}],"url":{"kind":"Url","uri":""},"version":"","authors":[],"isPublic":false,"projectId":"2aa4e5e69e49703961f2af4c5e000dd1","folderId":"","nRows":2,"columns":[{"kind":"ColumnSchema","id":"c809e862-fca3-4300-9887-c19b757c5505","name":"sex","type":"string","nRows":0,"size":-1,"metaData":{"kind":"ColumnSchemaMetaData","sort":[],"ascending":true,"quartiles":[],"properties":[]}}],"dataDirectory":"default/ce/60/60cee893504a4041af03bf855824842c","relation":{"kind":"Relation","id":"21eed838-2d55-4d53-a38a-cf23d6030f5f"},"queryHash":"cade6e31444e560e1eb99616b904c184","queryTableType":"row","query":{"kind":"CubeQuery","relation":{"kind":"Relation","id":"94c949ae-2a1e-45e2-964b-53b2014b2a86"},"colColumns":[],"rowColumns":[],"axisQueries":[],"filters":{"kind":"Filters","removeNaN":true,"namedFilters":[]},"operatorSettings":{"kind":"OperatorSettings","namespace":"","operatorRef":{"kind":"OperatorRef","name":"","version":"","operatorId":"","operatorKind":"","propertyValues":[],"url":{"kind":"Url","uri":""}},"environment":[],"operatorModel":{"kind":"OperatorModel"}},"qtHash":"","columnHash":"","rowHash":""}}