{"kind":"ComputedTableSchema","id":"cade6e31444e560e1eb99616b906c938","isDeleted":false,"rev":"1-187db6a085a8db090931890af4963641","description":"","name":"","createdBy":"test","acl":{"kind":"Acl","owner":"test","aces":[]},"createdDate":{"kind":"Date","value":"2023-09-12T14:02:14.627599Z"},"lastModifiedDate":{"kind":"Date","value":"2023-09-12T14:02:14.627599Z"},"urls":[],"tags":[],"meta":[],"url":{"kind":"Url","uri":""},"version":"","authors":[],"isPublic":false,"projectId":"2aa4e5e69e49703961f2af4c5e000dd1","folderId":"","nRows":4,"columns":[{"kind":"ColumnSchema","id":"6fdbe95a-1cf4-44fc-9ef6-c3dfcb36a6a4","name":".ci","type":"int32","nRows":0,"size":-1,"metaData":{"kind":"ColumnSchemaMetaData","sort":[],"ascending":true,"quartiles":[],"properties":[]}},{"kind":"ColumnSchema","id":"70f81c81-804e-4887-a0c7-8dd1f5b7b653","name":".ri","type":"int32","nRows":0,"size":-1,"metaData":{"kind":"ColumnSchemaMetaData","sort":[],"ascending":true,"quartiles":[],"properties":[]}},{"kind":"ColumnSchema","id":"7b6b627d-d670-4b5c-a785-f49d29d56e5b","name":"ds0.mean","type":"double","nRows":0,"size":-1,"metaData":{"kind":"ColumnSchemaMetaData","sort":[],"ascending":true,"quartiles":[],"properties":[]}}],"dataDirectory":"default/8c/b0/b08cd683701649bfb7c4960f4f007e79","relation":{"kind":"Relation","id":"397e9094-45c6-4a3c-9d57-d643c2f14843"},"query":{"kind":"CubeQuery","relation":{"kind":"RenameRelation","id":"84a497bb-db44-4b65-832e-6890e7236598","relation":{"kind":"SimpleRelation","id":"cade6e31444e560e1eb99616b90682d0","index":0},"inNames":["observation","color","sex","variable","measurement","filename","filename_of_zip","cade6e31444e560e1eb99616b90682d0._rids","cade6e31444e560e1eb99616b90682d0.tlbId"],"outNames":["observation","color","sex","variable","measurement","filename","filename_of_zip","rowId","tableId"]},"colColumns":[{"kind":"Factor","name":"color","type":"string"}],"rowColumns":[{"kind":"Factor","name":"sex","type":"string"}],"axisQueries":[{"kind":"CubeAxisQuery","pointSize":4,"chartType":"point","yAxis":{"kind":"Factor","name":"measurement","type":"double"},"yAxisSettings":{"kind":"AxisSettings","properties":[],"propertyValues":[]},"xAxis":{"kind":"Factor","name":"","type":"string"},"xAxisSettings":{"kind":"AxisSettings","properties":[],"propertyValues":[]},"errors":[],"labels":[],"colors":[],"preprocessors":[]}],"filters":{"kind":"Filters","removeNaN":true,"namedFilters":[]},"operatorSettings":{"kind":"OperatorSettings","namespace":"ds0","operatorRef":{"kind":"OperatorRef","name":"Mean","version":"1.2.0","operatorId":"a53cbd529a1dbd5ef40a13e9b100b43d","operatorKind":"ROperator","propertyValues":[],"url":{"kind":"Url","uri":"https://github.com/tercen/mean_operator"}},"environment":[],"operatorModel":{"kind":"OperatorModel"}},"qtHash":"cade6e31444e560e1eb99616b906ac5f","columnHash":"cade6e31444e560e1eb99616b906ade9","rowHash":"cade6e31444e560e1eb99616b906ae5a"}}