{"kind":"CubeQueryTableSchema","id":"cade6e31444e560e1eb99616b904bed3","isDeleted":false,"rev":"1-004b725d7e39e69d55fa2de257362bee","description":"","name":"column","createdBy":"test","acl":{"kind":"Acl","owner":"test","aces":[]},"createdDate":{"kind":"Date","value":"2023-09-12T13:57:11.905005Z"},"lastModifiedDate":{"kind":"Date","value":"2023-09-12T13:57:11.905005Z"},"urls":[],"tags":[],"meta":[{"kind":"Pair","key":"color.size_in_bytes","value":"120"}],"url":{"kind":"Url","uri":""},"version":"","authors":[],"isPublic":false,"projectId":"2aa4e5e69e49703961f2af4c5e000dd1","folderId":"","nRows":2,"columns":[{"kind":"ColumnSchema","id":"8a6d9907-8063-46eb-bc1e-b0ea3ea4ac85","name":"color","type":"string","nRows":0,"size":-1,"metaData":{"kind":"ColumnSchemaMetaData","sort":[],"ascending":true,"quartiles":[],"properties":[]}}],"dataDirectory":"default/b0/4c/4cb009991fb84315806fd14b513b4edc","relation":{"kind":"Relation","id":"794f0e3d-4264-470f-b077-3b2f7e9bde40"},"queryHash":"cade6e31444e560e1eb99616b904bed3","queryTableType":"column","query":{"kind":"CubeQuery","relation":{"kind":"Relation","id":"6065414e-d4c1-46db-a9b6-da288a406af5"},"colColumns":[],"rowColumns":[],"axisQueries":[],"filters":{"kind":"Filters","removeNaN":true,"namedFilters":[]},"operatorSettings":{"kind":"OperatorSettings","namespace":"","operatorRef":{"kind":"OperatorRef","name":"","version":"","operatorId":"","operatorKind":"","propertyValues":[],"url":{"kind":"Url","uri":""}},"environment":[],"operatorModel":{"kind":"OperatorModel"}},"qtHash":"","columnHash":"","rowHash":""}}