{"kind":"TableSchema","id":"4ab697ac5fee344b8b1297f3c6001fa2","isDeleted":false,"rev":"1-3802ed2f4574acde01e02b58712972cc","description":"","name":"Crabs Data.csv","createdBy":"test","acl":{"kind":"Acl","owner":"test","aces":[]},"createdDate":{"kind":"Date","value":"2023-09-05T12:52:45.965645Z"},"lastModifiedDate":{"kind":"Date","value":"2023-09-05T12:52:45.965645Z"},"urls":[{"kind":"Url","uri":"https://github.com/tercen/test_dataset"}],"tags":[],"meta":[{"kind":"Pair","key":"copyOf","value":"4ab697ac5fee344b8b1297f3c6001817"}],"url":{"kind":"Url","uri":"https://github.com/tercen/test_dataset"},"version":"0.0.1","authors":[],"isPublic":false,"projectId":"2aa4e5e69e49703961f2af4c5e000dd1","folderId":"","nRows":1000,"columns":[{"kind":"ColumnSchema","id":"6789da98-95fc-4a07-aeb7-01ed28fce933","name":"observation","type":"double","nRows":0,"size":-1,"metaData":{"kind":"ColumnSchemaMetaData","sort":[],"ascending":true,"quartiles":[],"properties":[]}},{"kind":"ColumnSchema","id":"d4ff3bae-33c1-42e6-876e-4c7c026b9cf4","name":"color","type":"string","nRows":0,"size":-1,"metaData":{"kind":"ColumnSchemaMetaData","sort":[],"ascending":true,"quartiles":[],"properties":[]}},{"kind":"ColumnSchema","id":"1e1dda7e-e869-4ba0-8a3c-fdd12fb133c8","name":"sex","type":"string","nRows":0,"size":-1,"metaData":{"kind":"ColumnSchemaMetaData","sort":[],"ascending":true,"quartiles":[],"properties":[]}},{"kind":"ColumnSchema","id":"9c89583d-e913-4c34-8bbd-693a672191f0","name":"variable","type":"string","nRows":0,"size":-1,"metaData":{"kind":"ColumnSchemaMetaData","sort":[],"ascending":true,"quartiles":[],"properties":[]}},{"kind":"ColumnSchema","id":"1adffb8e-30ed-4284-a870-ddeba7da36b6","name":"measurement","type":"double","nRows":0,"size":-1,"metaData":{"kind":"ColumnSchemaMetaData","sort":[],"ascending":true,"quartiles":[],"properties":[]}},{"kind":"ColumnSchema","id":"0d0c01c6-8a7a-4795-9f16-ea3310744f25","name":"filename","type":"string","nRows":0,"size":-1,"metaData":{"kind":"ColumnSchemaMetaData","sort":[],"ascending":true,"quartiles":[],"properties":[]}},{"kind":"ColumnSchema","id":"cf3d1035-5852-4a42-bb8c-bf2b74a2379e","name":".ci","type":"int32","nRows":0,"size":-1,"metaData":{"kind":"ColumnSchemaMetaData","sort":[],"ascending":true,"quartiles":[],"properties":[]}},{"kind":"ColumnSchema","id":"3048706c-c521-45b1-be61-bf9ebe69894f","name":"filename_of_zip","type":"string","nRows":0,"size":-1,"metaData":{"kind":"ColumnSchemaMetaData","sort":[],"ascending":true,"quartiles":[],"properties":[]}}],"dataDirectory":"default/dc/d1/d1dce878-9fde-49fe-99dd-f8ba2e7a8f17","relation":{"kind":"Relation","id":"cd40d5c9-06e2-46ed-92e2-bb4fd381a84e"}}