{"kind":"ComputedTableSchema","id":"cade6e31444e560e1eb99616b90098a1","isDeleted":false,"rev":"1-ee2cbfb125ef74894ae76934c6f48a16","description":"","name":"","createdBy":"test","acl":{"kind":"Acl","owner":"test","aces":[]},"createdDate":{"kind":"Date","value":"2023-09-12T12:48:49.123392Z"},"lastModifiedDate":{"kind":"Date","value":"2023-09-12T12:48:49.123392Z"},"urls":[],"tags":[],"meta":[],"url":{"kind":"Url","uri":""},"version":"","authors":[],"isPublic":false,"projectId":"2aa4e5e69e49703961f2af4c5e000dd1","folderId":"","nRows":4,"columns":[{"kind":"ColumnSchema","id":"742a8d93-ef6f-49c5-ac97-1c6fdc83a0c9","name":".ci","type":"int32","nRows":0,"size":-1,"metaData":{"kind":"ColumnSchemaMetaData","sort":[],"ascending":true,"quartiles":[],"properties":[]}},{"kind":"ColumnSchema","id":"4c4af5e4-d36e-4356-9a8a-d7d06121ff82","name":".ri","type":"int32","nRows":0,"size":-1,"metaData":{"kind":"ColumnSchemaMetaData","sort":[],"ascending":true,"quartiles":[],"properties":[]}},{"kind":"ColumnSchema","id":"c7de645c-fab3-44f6-abb4-42062a4d0d67","name":"ds0.mean","type":"double","nRows":0,"size":-1,"metaData":{"kind":"ColumnSchemaMetaData","sort":[],"ascending":true,"quartiles":[],"properties":[]}}],"dataDirectory":"default/a4/14/14a4b6efa32849039be86f63ddf93722","relation":{"kind":"Relation","id":"33661ba1-d9b1-4d8c-91bf-96e867f78f57"},"query":{"kind":"CubeQuery","relation":{"kind":"RenameRelation","id":"b6fa0350-e2f0-4a95-9c33-9d55fb52d849","relation":{"kind":"SimpleRelation","id":"cade6e31444e560e1eb99616b90047f1","index":0},"inNames":["observation","color","sex","variable","measurement","cade6e31444e560e1eb99616b90047f1._rids","cade6e31444e560e1eb99616b90047f1.tlbId"],"outNames":["observation","color","sex","variable","measurement","rowId","tableId"]},"colColumns":[{"kind":"Factor","name":"color","type":"string"}],"rowColumns":[{"kind":"Factor","name":"sex","type":"string"}],"axisQueries":[{"kind":"CubeAxisQuery","pointSize":4,"chartType":"point","yAxis":{"kind":"Factor","name":"measurement","type":"double"},"yAxisSettings":{"kind":"AxisSettings","properties":[],"propertyValues":[]},"xAxis":{"kind":"Factor","name":"","type":"string"},"xAxisSettings":{"kind":"AxisSettings","properties":[],"propertyValues":[]},"errors":[],"labels":[],"colors":[],"preprocessors":[]}],"filters":{"kind":"Filters","removeNaN":true,"namedFilters":[]},"operatorSettings":{"kind":"OperatorSettings","namespace":"ds0","operatorRef":{"kind":"OperatorRef","name":"Mean","version":"1.2.0","operatorId":"a53cbd529a1dbd5ef40a13e9b100b43d","operatorKind":"ROperator","propertyValues":[],"url":{"kind":"Url","uri":"https://github.com/tercen/mean_operator"}},"environment":[],"operatorModel":{"kind":"OperatorModel"}},"qtHash":"cade6e31444e560e1eb99616b9006357","columnHash":"cade6e31444e560e1eb99616b9006969","rowHash":"cade6e31444e560e1eb99616b9007606"}}