observation,color,sex,variable,measurement,filename,.ci,filename_of_zip
1,Blue,M,FL,8.46631138443841,file6646e082a,0,file6646e082a
2,Blue,M,FL,8.81722700040635,file6646e082a,0,file6646e082a
3,Blue,M,FL,10.4751469396442,file6646e082a,0,file6646e082a
4,Blue,M,FL,8.46535585131973,file6646e082a,0,file6646e082a
5,Blue,M,FL,10.2213769609758,file6646e082a,0,file6646e082a
6,Blue,M,FL,9.40774048082276,file6646e082a,0,file6646e082a
7,Blue,M,FL,11.5252947749434,file6646e082a,0,file6646e082a
8,Blue,M,FL,10.5665467235541,file6646e082a,0,file6646e082a
9,Blue,M,FL,12.3081430361894,file6646e082a,0,file6646e082a
10,Blue,M,FL,13.491916235837,file6646e082a,0,file6646e082a
11,Blue,M,FL,10.5658539673965,file6646e082a,0,file6646e082a
12,Blue,M,FL,13.4187863489801,file6646e082a,0,file6646e082a
13,Blue,M,FL,11.3335521245621,file6646e082a,0,file6646e082a
14,Blue,M,FL,10.7355298825986,file6646e082a,0,file6646e082a
15,Blue,M,FL,11.5435249584258,file6646e082a,0,file6646e082a
16,Blue,M,FL,12.7918785633176,file6646e082a,0,file6646e082a
17,Blue,M,FL,13.811793901078,file6646e082a,0,file6646e082a
18,Blue,M,FL,12.9116153242203,file6646e082a,0,file6646e082a
19,Blue,M,FL,13.9102249354936,file6646e082a,0,file6646e082a
20,Blue,M,FL,13.2555371559979,file6646e082a,0,file6646e082a
21,Blue,M,FL,12.6308352475602,file6646e082a,0,file6646e082a
22,Blue,M,FL,12.3414316700944,file6646e082a,0,file6646e082a
23,Blue,M,FL,13.3703327736105,file6646e082a,0,file6646e082a
24,Blue,M,FL,12.6429719766963,file6646e082a,0,file6646e082a
25,Blue,M,FL,15.6393124602814,file6646e082a,0,file6646e082a
26,Blue,M,FL,15.4401850114636,file6646e082a,0,file6646e082a
27,Blue,M,FL,13.2145529354063,file6646e082a,0,file6646e082a
28,Blue,M,FL,14.5634767077247,file6646e082a,0,file6646e082a
29,Blue,M,FL,18.3448504503742,file6646e082a,0,file6646e082a
30,Blue,M,FL,15.580715946147,file6646e082a,0,file6646e082a
31,Blue,M,FL,15.2053890043226,file6646e082a,0,file6646e082a
32,Blue,M,FL,16.3216495249365,file6646e082a,0,file6646e082a
33,Blue,M,FL,16.0215539145647,file6646e082a,0,file6646e082a
34,Blue,M,FL,16.4330695829178,file6646e082a,0,file6646e082a
35,Blue,M,FL,17.6044097528833,file6646e082a,0,file6646e082a
36,Blue,M,FL,14.0061651347981,file6646e082a,0,file6646e082a
37,Blue,M,FL,14.562440017522,file6646e082a,0,file6646e082a
38,Blue,M,FL,16.2451370772475,file6646e082a,0,file6646e082a
39,Blue,M,FL,15.2978309864699,file6646e082a,0,file6646e082a
40,Blue,M,FL,16.1952977873962,file6646e082a,0,file6646e082a
41,Blue,M,FL,17.5447314096876,file6646e082a,0,file6646e082a
42,Blue,M,FL,18.7950635950687,file6646e082a,0,file6646e082a
43,Blue,M,FL,16.2206338009457,file6646e082a,0,file6646e082a
44,Blue,M,FL,19.7771096451402,file6646e082a,0,file6646e082a
45,Blue,M,FL,16.2639680459175,file6646e082a,0,file6646e082a
46,Blue,M,FL,17.1567755613465,file6646e082a,0,file6646e082a
47,Blue,M,FL,20.2658011944593,file6646e082a,0,file6646e082a
48,Blue,M,FL,22.3298755268348,file6646e082a,0,file6646e082a
49,Blue,M,FL,21.7153285097049,file6646e082a,0,file6646e082a
50,Blue,M,FL,22.5706710000629,file6646e082a,0,file6646e082a
51,Blue,F,FL,6.80223075913574,file6646e082a,0,file6646e082a
52,Blue,F,FL,9.74885733682443,file6646e082a,0,file6646e082a
53,Blue,F,FL,8.44406608869836,file6646e082a,0,file6646e082a
54,Blue,F,FL,9.45408445873606,file6646e082a,0,file6646e082a
55,Blue,F,FL,9.72407874516256,file6646e082a,0,file6646e082a
56,Blue,F,FL,11.0377038440247,file6646e082a,0,file6646e082a
57,Blue,F,FL,10.4040219417395,file6646e082a,0,file6646e082a
58,Blue,F,FL,8.7885806651895,file6646e082a,0,file6646e082a
59,Blue,F,FL,8.88007167715276,file6646e082a,0,file6646e082a
60,Blue,F,FL,10.007581824773,file6646e082a,0,file6646e082a
61,Blue,F,FL,9.57446086959355,file6646e082a,0,file6646e082a
62,Blue,F,FL,11.8799545273317,file6646e082a,0,file6646e082a
63,Blue,F,FL,10.9310633989584,file6646e082a,0,file6646e082a
64,Blue,F,FL,10.7738632373305,file6646e082a,0,file6646e082a
65,Blue,F,FL,11.0007239662552,file6646e082a,0,file6646e082a
66,Blue,F,FL,11.693652919433,file6646e082a,0,file6646e082a
67,Blue,F,FL,12.8585279409528,file6646e082a,0,file6646e082a
68,Blue,F,FL,10.3671761657496,file6646e082a,0,file6646e082a
69,Blue,F,FL,12.5379532585631,file6646e082a,0,file6646e082a
70,Blue,F,FL,11.0572608423739,file6646e082a,0,file6646e082a
71,Blue,F,FL,12.8227377911047,file6646e082a,0,file6646e082a
72,Blue,F,FL,13.1592844695736,file6646e082a,0,file6646e082a
73,Blue,F,FL,11.7764859370827,file6646e082a,0,file6646e082a
74,Blue,F,FL,13.0712294269502,file6646e082a,0,file6646e082a
75,Blue,F,FL,15.2648036927815,file6646e082a,0,file6646e082a
76,Blue,F,FL,11.7706790356404,file6646e082a,0,file6646e082a
77,Blue,F,FL,14.8958609154513,file6646e082a,0,file6646e082a
78,Blue,F,FL,11.7349731439944,file6646e082a,0,file6646e082a
79,Blue,F,FL,12.5534797505286,file6646e082a,0,file6646e082a
80,Blue,F,FL,13.8802117542775,file6646e082a,0,file6646e082a
81,Blue,F,FL,16.0357780843306,file6646e082a,0,file6646e082a
82,Blue,F,FL,16.674546381473,file6646e082a,0,file6646e082a
83,Blue,F,FL,17.3199976727416,file6646e082a,0,file6646e082a
84,Blue,F,FL,16.1168072934213,file6646e082a,0,file6646e082a
85,Blue,F,FL,14.8736668663117,file6646e082a,0,file6646e082a
86,Blue,F,FL,13.7949418529975,file6646e082a,0,file6646e082a
87,Blue,F,FL,13.303434378116,file6646e082a,0,file6646e082a
88,Blue,F,FL,14.3690373919164,file6646e082a,0,file6646e082a
89,Blue,F,FL,14.3522404342294,file6646e082a,0,file6646e082a
90,Blue,F,FL,17.6607210879332,file6646e082a,0,file6646e082a
91,Blue,F,FL,17.8398185854413,file6646e082a,0,file6646e082a
92,Blue,F,FL,16.8775137381045,file6646e082a,0,file6646e082a
93,Blue,F,FL,15.7726814059088,file6646e082a,0,file6646e082a
94,Blue,F,FL,14.9172940558079,file6646e082a,0,file6646e082a
95,Blue,F,FL,16.8951716210995,file6646e082a,0,file6646e082a
96,Blue,F,FL,14.5865100105046,file6646e082a,0,file6646e082a
97,Blue,F,FL,19.0684386206529,file6646e082a,0,file6646e082a
98,Blue,F,FL,19.7685030087424,file6646e082a,0,file6646e082a
99,Blue,F,FL,14.7468239682616,file6646e082a,0,file6646e082a
100,Blue,F,FL,19.0272152606175,file6646e082a,0,file6646e082a
101,Orange,M,FL,8.09202482733584,file6646e082a,0,file6646e082a
102,Orange,M,FL,8.65898408568796,file6646e082a,0,file6646e082a
103,Orange,M,FL,11.0425670449058,file6646e082a,0,file6646e082a
104,Orange,M,FL,12.9094060978138,file6646e082a,0,file6646e082a
105,Orange,M,FL,12.5911587924543,file6646e082a,0,file6646e082a
106,Orange,M,FL,11.6316460728417,file6646e082a,0,file6646e082a
107,Orange,M,FL,10.7148891329278,file6646e082a,0,file6646e082a
108,Orange,M,FL,12.9407474480747,file6646e082a,0,file6646e082a
109,Orange,M,FL,12.7100086057049,file6646e082a,0,file6646e082a
110,Orange,M,FL,12.5039974983119,file6646e082a,0,file6646e082a
111,Orange,M,FL,12.3152763157438,file6646e082a,0,file6646e082a
112,Orange,M,FL,15.2724338012103,file6646e082a,0,file6646e082a
113,Orange,M,FL,13.3111950699398,file6646e082a,0,file6646e082a
114,Orange,M,FL,16.3377951207896,file6646e082a,0,file6646e082a
115,Orange,M,FL,12.4509355481967,file6646e082a,0,file6646e082a
116,Orange,M,FL,14.8860178839122,file6646e082a,0,file6646e082a
117,Orange,M,FL,14.9367797858051,file6646e082a,0,file6646e082a
118,Orange,M,FL,14.2290392357009,file6646e082a,0,file6646e082a
119,Orange,M,FL,14.4917377906956,file6646e082a,0,file6646e082a
120,Orange,M,FL,16.9549289089977,file6646e082a,0,file6646e082a
121,Orange,M,FL,13.7937002222215,file6646e082a,0,file6646e082a
122,Orange,M,FL,14.7593452352895,file6646e082a,0,file6646e082a
123,Orange,M,FL,15.4549235140382,file6646e082a,0,file6646e082a
124,Orange,M,FL,15.1942067534465,file6646e082a,0,file6646e082a
125,Orange,M,FL,17.8309008917289,file6646e082a,0,file6646e082a
126,Orange,M,FL,15.6637655804841,file6646e082a,0,file6646e082a
127,Orange,M,FL,16.1004543615171,file6646e082a,0,file6646e082a
128,Orange,M,FL,16.3842921915474,file6646e082a,0,file6646e082a
129,Orange,M,FL,14.9972741685579,file6646e082a,0,file6646e082a
130,Orange,M,FL,19.1387807580318,file6646e082a,0,file6646e082a
131,Orange,M,FL,20.7929981789717,file6646e082a,0,file6646e082a
132,Orange,M,FL,16.2335385756347,file6646e082a,0,file6646e082a
133,Orange,M,FL,16.7552466327209,file6646e082a,0,file6646e082a
134,Orange,M,FL,17.0292840557182,file6646e082a,0,file6646e082a
135,Orange,M,FL,19.2816245968205,file6646e082a,0,file6646e082a
136,Orange,M,FL,19.1028380838383,file6646e082a,0,file6646e082a
137,Orange,M,FL,18.4436587343482,file6646e082a,0,file6646e082a
138,Orange,M,FL,17.5885973225053,file6646e082a,0,file6646e082a
139,Orange,M,FL,18.7309969774321,file6646e082a,0,file6646e082a
140,Orange,M,FL,20.0100642863069,file6646e082a,0,file6646e082a
141,Orange,M,FL,20.8193561012706,file6646e082a,0,file6646e082a
142,Orange,M,FL,23.1637085393616,file6646e082a,0,file6646e082a
143,Orange,M,FL,17.8240002193224,file6646e082a,0,file6646e082a
144,Orange,M,FL,21.8884055999084,file6646e082a,0,file6646e082a
145,Orange,M,FL,20.5353119070867,file6646e082a,0,file6646e082a
146,Orange,M,FL,18.5228262937779,file6646e082a,0,file6646e082a
147,Orange,M,FL,19.929658802426,file6646e082a,0,file6646e082a
148,Orange,M,FL,22.6316273517617,file6646e082a,0,file6646e082a
149,Orange,M,FL,21.7224346437844,file6646e082a,0,file6646e082a
150,Orange,M,FL,21.4490380186535,file6646e082a,0,file6646e082a
151,Orange,F,FL,9.14778557422232,file6646e082a,0,file6646e082a
152,Orange,F,FL,10.5286964059403,file6646e082a,0,file6646e082a
153,Orange,F,FL,14.1751158773137,file6646e082a,0,file6646e082a
154,Orange,F,FL,13.2090073339314,file6646e082a,0,file6646e082a
155,Orange,F,FL,13.1443264108318,file6646e082a,0,file6646e082a
156,Orange,F,FL,13.1735824226896,file6646e082a,0,file6646e082a
157,Orange,F,FL,11.8747041338627,file6646e082a,0,file6646e082a
158,Orange,F,FL,12.8219351690425,file6646e082a,0,file6646e082a
159,Orange,F,FL,13.4400825586075,file6646e082a,0,file6646e082a
160,Orange,F,FL,15.0613173347068,file6646e082a,0,file6646e082a
161,Orange,F,FL,14.2854387432604,file6646e082a,0,file6646e082a
162,Orange,F,FL,16.3109083111441,file6646e082a,0,file6646e082a
163,Orange,F,FL,14.1463616322375,file6646e082a,0,file6646e082a
164,Orange,F,FL,15.74016403096,file6646e082a,0,file6646e082a
165,Orange,F,FL,17.0810400214859,file6646e082a,0,file6646e082a
166,Orange,F,FL,13.4474790489055,file6646e082a,0,file6646e082a
167,Orange,F,FL,18.4399756463571,file6646e082a,0,file6646e082a
168,Orange,F,FL,14.5300250571002,file6646e082a,0,file6646e082a
169,Orange,F,FL,17.2487139464747,file6646e082a,0,file6646e082a
170,Orange,F,FL,17.9365490811849,file6646e082a,0,file6646e082a
171,Orange,F,FL,16.1897798198798,file6646e082a,0,file6646e082a
172,Orange,F,FL,17.1805642110623,file6646e082a,0,file6646e082a
173,Orange,F,FL,19.8225319628523,file6646e082a,0,file6646e082a
174,Orange,F,FL,17.6977118992634,file6646e082a,0,file6646e082a
175,Orange,F,FL,18.5239206750515,file6646e082a,0,file6646e082a
176,Orange,F,FL,15.4866062113847,file6646e082a,0,file6646e082a
177,Orange,F,FL,20.8609012317802,file6646e082a,0,file6646e082a
178,Orange,F,FL,17.0592785578484,file6646e082a,0,file6646e082a
179,Orange,F,FL,16.9012047675196,file6646e082a,0,file6646e082a
180,Orange,F,FL,19.6984586174107,file6646e082a,0,file6646e082a
181,Orange,F,FL,18.0651310076691,file6646e082a,0,file6646e082a
182,Orange,F,FL,16.119661381488,file6646e082a,0,file6646e082a
183,Orange,F,FL,19.3732636399337,file6646e082a,0,file6646e082a
184,Orange,F,FL,18.496255803983,file6646e082a,0,file6646e082a
185,Orange,F,FL,16.8841699631637,file6646e082a,0,file6646e082a
186,Orange,F,FL,18.9460207812122,file6646e082a,0,file6646e082a
187,Orange,F,FL,18.07122201661,file6646e082a,0,file6646e082a
188,Orange,F,FL,23.2138893302372,file6646e082a,0,file6646e082a
189,Orange,F,FL,22.0168422669145,file6646e082a,0,file6646e082a
190,Orange,F,FL,18.7432951076304,file6646e082a,0,file6646e082a
191,Orange,F,FL,23.5438183406441,file6646e082a,0,file6646e082a
192,Orange,F,FL,21.9652091454815,file6646e082a,0,file6646e082a
193,Orange,F,FL,18.6867859849618,file6646e082a,0,file6646e082a
194,Orange,F,FL,22.154334616453,file6646e082a,0,file6646e082a
195,Orange,F,FL,17.9637541620301,file6646e082a,0,file6646e082a
196,Orange,F,FL,21.4413154772339,file6646e082a,0,file6646e082a
197,Orange,F,FL,20.9298705380631,file6646e082a,0,file6646e082a
198,Orange,F,FL,21.0346162832028,file6646e082a,0,file6646e082a
199,Orange,F,FL,25.049503800974,file6646e082a,0,file6646e082a
200,Orange,F,FL,25.7350725996307,file6646e082a,0,file6646e082a
1,Blue,M,RW,5.72467258171529,file6646e082a,0,file6646e082a
2,Blue,M,RW,6.90213750253127,file6646e082a,0,file6646e082a
3,Blue,M,RW,6.59770694545186,file6646e082a,0,file6646e082a
4,Blue,M,RW,8.0112556360849,file6646e082a,0,file6646e082a
5,Blue,M,RW,8.63436050249713,file6646e082a,0,file6646e082a
6,Blue,M,RW,8.30878455283481,file6646e082a,0,file6646e082a
7,Blue,M,RW,9.25261341328683,file6646e082a,0,file6646e082a
8,Blue,M,RW,8.8187810731092,file6646e082a,0,file6646e082a
9,Blue,M,RW,9.31447052988707,file6646e082a,0,file6646e082a
10,Blue,M,RW,11.1694912582483,file6646e082a,0,file6646e082a
11,Blue,M,RW,9.96236442831023,file6646e082a,0,file6646e082a
12,Blue,M,RW,11.5486571822703,file6646e082a,0,file6646e082a
13,Blue,M,RW,9.11273984733892,file6646e082a,0,file6646e082a
14,Blue,M,RW,11.1829061908479,file6646e082a,0,file6646e082a
15,Blue,M,RW,12.3477496479769,file6646e082a,0,file6646e082a
16,Blue,M,RW,12.210627249111,file6646e082a,0,file6646e082a
17,Blue,M,RW,11.876390858743,file6646e082a,0,file6646e082a
18,Blue,M,RW,11.1910857866769,file6646e082a,0,file6646e082a
19,Blue,M,RW,11.4083007853395,file6646e082a,0,file6646e082a
20,Blue,M,RW,10.3885299061416,file6646e082a,0,file6646e082a
21,Blue,M,RW,13.4797442903918,file6646e082a,0,file6646e082a
22,Blue,M,RW,11.9481143560693,file6646e082a,0,file6646e082a
23,Blue,M,RW,11.6757342080893,file6646e082a,0,file6646e082a
24,Blue,M,RW,12.0575396634909,file6646e082a,0,file6646e082a
25,Blue,M,RW,12.1040341972779,file6646e082a,0,file6646e082a
26,Blue,M,RW,10.5629161925588,file6646e082a,0,file6646e082a
27,Blue,M,RW,10.6249657879289,file6646e082a,0,file6646e082a
28,Blue,M,RW,12.0472362429966,file6646e082a,0,file6646e082a
29,Blue,M,RW,10.6143136126885,file6646e082a,0,file6646e082a
30,Blue,M,RW,13.011019661615,file6646e082a,0,file6646e082a
31,Blue,M,RW,14.0511793135746,file6646e082a,0,file6646e082a
32,Blue,M,RW,13.4080977748262,file6646e082a,0,file6646e082a
33,Blue,M,RW,11.3316830399003,file6646e082a,0,file6646e082a
34,Blue,M,RW,11.1125620843964,file6646e082a,0,file6646e082a
35,Blue,M,RW,11.3693059916139,file6646e082a,0,file6646e082a
36,Blue,M,RW,11.822766717036,file6646e082a,0,file6646e082a
37,Blue,M,RW,14.2778143636468,file6646e082a,0,file6646e082a
38,Blue,M,RW,11.6672858381286,file6646e082a,0,file6646e082a
39,Blue,M,RW,13.582726340931,file6646e082a,0,file6646e082a
40,Blue,M,RW,11.9233870735964,file6646e082a,0,file6646e082a
41,Blue,M,RW,14.4959331547186,file6646e082a,0,file6646e082a
42,Blue,M,RW,15.3076287921542,file6646e082a,0,file6646e082a
43,Blue,M,RW,15.4825540367062,file6646e082a,0,file6646e082a
44,Blue,M,RW,13.5280815896348,file6646e082a,0,file6646e082a
45,Blue,M,RW,13.9628434192341,file6646e082a,0,file6646e082a
46,Blue,M,RW,14.1630279577821,file6646e082a,0,file6646e082a
47,Blue,M,RW,14.2423344413867,file6646e082a,0,file6646e082a
48,Blue,M,RW,14.0285966385542,file6646e082a,0,file6646e082a
49,Blue,M,RW,13.1536453412156,file6646e082a,0,file6646e082a
50,Blue,M,RW,17.6966662907502,file6646e082a,0,file6646e082a
51,Blue,F,RW,7.37904253523737,file6646e082a,0,file6646e082a
52,Blue,F,RW,8.59768171383232,file6646e082a,0,file6646e082a
53,Blue,F,RW,8.44784190762316,file6646e082a,0,file6646e082a
54,Blue,F,RW,8.62308327424574,file6646e082a,0,file6646e082a
55,Blue,F,RW,9.34890158938931,file6646e082a,0,file6646e082a
56,Blue,F,RW,9.11452920854896,file6646e082a,0,file6646e082a
57,Blue,F,RW,9.01338307837279,file6646e082a,0,file6646e082a
58,Blue,F,RW,10.7088596291139,file6646e082a,0,file6646e082a
59,Blue,F,RW,10.1928425749539,file6646e082a,0,file6646e082a
60,Blue,F,RW,9.50950000903615,file6646e082a,0,file6646e082a
61,Blue,F,RW,9.37427771032804,file6646e082a,0,file6646e082a
62,Blue,F,RW,10.4954254488019,file6646e082a,0,file6646e082a
63,Blue,F,RW,12.7813845334033,file6646e082a,0,file6646e082a
64,Blue,F,RW,12.0390863271604,file6646e082a,0,file6646e082a
65,Blue,F,RW,11.4706100725794,file6646e082a,0,file6646e082a
66,Blue,F,RW,12.0911404178703,file6646e082a,0,file6646e082a
67,Blue,F,RW,11.8417176395038,file6646e082a,0,file6646e082a
68,Blue,F,RW,11.1723747570587,file6646e082a,0,file6646e082a
69,Blue,F,RW,9.26784465484388,file6646e082a,0,file6646e082a
70,Blue,F,RW,13.8911467717828,file6646e082a,0,file6646e082a
71,Blue,F,RW,11.6588724535328,file6646e082a,0,file6646e082a
72,Blue,F,RW,13.3280529756493,file6646e082a,0,file6646e082a
73,Blue,F,RW,10.2802888539895,file6646e082a,0,file6646e082a
74,Blue,F,RW,9.56390079079134,file6646e082a,0,file6646e082a
75,Blue,F,RW,11.6624477033266,file6646e082a,0,file6646e082a
76,Blue,F,RW,11.9740409072993,file6646e082a,0,file6646e082a
77,Blue,F,RW,12.2112305832096,file6646e082a,0,file6646e082a
78,Blue,F,RW,14.4958355180234,file6646e082a,0,file6646e082a
79,Blue,F,RW,13.18727894035,file6646e082a,0,file6646e082a
80,Blue,F,RW,12.3600031005939,file6646e082a,0,file6646e082a
81,Blue,F,RW,14.0047885019579,file6646e082a,0,file6646e082a
82,Blue,F,RW,13.8503600871172,file6646e082a,0,file6646e082a
83,Blue,F,RW,15.2584356796442,file6646e082a,0,file6646e082a
84,Blue,F,RW,12.7376426043819,file6646e082a,0,file6646e082a
85,Blue,F,RW,12.0946512650239,file6646e082a,0,file6646e082a
86,Blue,F,RW,14.0075663496309,file6646e082a,0,file6646e082a
87,Blue,F,RW,16.3477953707191,file6646e082a,0,file6646e082a
88,Blue,F,RW,13.0933969250694,file6646e082a,0,file6646e082a
89,Blue,F,RW,14.2768590558682,file6646e082a,0,file6646e082a
90,Blue,F,RW,13.0723568684039,file6646e082a,0,file6646e082a
91,Blue,F,RW,15.0790926315317,file6646e082a,0,file6646e082a
92,Blue,F,RW,16.4369838000655,file6646e082a,0,file6646e082a
93,Blue,F,RW,16.1905886877487,file6646e082a,0,file6646e082a
94,Blue,F,RW,13.5207736322177,file6646e082a,0,file6646e082a
95,Blue,F,RW,15.2170392666628,file6646e082a,0,file6646e082a
96,Blue,F,RW,12.1155889169231,file6646e082a,0,file6646e082a
97,Blue,F,RW,17.9452059698698,file6646e082a,0,file6646e082a
98,Blue,F,RW,17.2171671760043,file6646e082a,0,file6646e082a
99,Blue,F,RW,16.3456038415129,file6646e082a,0,file6646e082a
100,Blue,F,RW,13.8587756794769,file6646e082a,0,file6646e082a
101,Orange,M,RW,7.30888159342604,file6646e082a,0,file6646e082a
102,Orange,M,RW,7.94654409809749,file6646e082a,0,file6646e082a
103,Orange,M,RW,9.62254515416039,file6646e082a,0,file6646e082a
104,Orange,M,RW,8.19057994179276,file6646e082a,0,file6646e082a
105,Orange,M,RW,9.94699984994803,file6646e082a,0,file6646e082a
106,Orange,M,RW,7.92621882808106,file6646e082a,0,file6646e082a
107,Orange,M,RW,10.3397805742859,file6646e082a,0,file6646e082a
108,Orange,M,RW,9.7106613311835,file6646e082a,0,file6646e082a
109,Orange,M,RW,11.4349927900665,file6646e082a,0,file6646e082a
110,Orange,M,RW,10.69812307765,file6646e082a,0,file6646e082a
111,Orange,M,RW,10.4219748811984,file6646e082a,0,file6646e082a
112,Orange,M,RW,10.386339049915,file6646e082a,0,file6646e082a
113,Orange,M,RW,10.383161569016,file6646e082a,0,file6646e082a
114,Orange,M,RW,11.5233153465957,file6646e082a,0,file6646e082a
115,Orange,M,RW,10.3224623268301,file6646e082a,0,file6646e082a
116,Orange,M,RW,10.3513030291378,file6646e082a,0,file6646e082a
117,Orange,M,RW,11.4773119826123,file6646e082a,0,file6646e082a
118,Orange,M,RW,12.4145811245567,file6646e082a,0,file6646e082a
119,Orange,M,RW,11.4079063750716,file6646e082a,0,file6646e082a
120,Orange,M,RW,12.4867603571138,file6646e082a,0,file6646e082a
121,Orange,M,RW,9.93023302858804,file6646e082a,0,file6646e082a
122,Orange,M,RW,9.77353195201939,file6646e082a,0,file6646e082a
123,Orange,M,RW,12.5280180174702,file6646e082a,0,file6646e082a
124,Orange,M,RW,10.2635979352869,file6646e082a,0,file6646e082a
125,Orange,M,RW,9.83150750702864,file6646e082a,0,file6646e082a
126,Orange,M,RW,14.5790032080517,file6646e082a,0,file6646e082a
127,Orange,M,RW,12.063432342438,file6646e082a,0,file6646e082a
128,Orange,M,RW,12.897510212054,file6646e082a,0,file6646e082a
129,Orange,M,RW,13.7550828545169,file6646e082a,0,file6646e082a
130,Orange,M,RW,11.8554704178376,file6646e082a,0,file6646e082a
131,Orange,M,RW,11.1385177864781,file6646e082a,0,file6646e082a
132,Orange,M,RW,14.8619312335522,file6646e082a,0,file6646e082a
133,Orange,M,RW,15.1274954604208,file6646e082a,0,file6646e082a
134,Orange,M,RW,12.174306274973,file6646e082a,0,file6646e082a
135,Orange,M,RW,12.8669995176461,file6646e082a,0,file6646e082a
136,Orange,M,RW,15.1287551622771,file6646e082a,0,file6646e082a
137,Orange,M,RW,13.4843541945007,file6646e082a,0,file6646e082a
138,Orange,M,RW,12.449907508026,file6646e082a,0,file6646e082a
139,Orange,M,RW,12.8623203672688,file6646e082a,0,file6646e082a
140,Orange,M,RW,14.0117590813993,file6646e082a,0,file6646e082a
141,Orange,M,RW,12.1817899205492,file6646e082a,0,file6646e082a
142,Orange,M,RW,14.0669790672393,file6646e082a,0,file6646e082a
143,Orange,M,RW,16.0341612362584,file6646e082a,0,file6646e082a
144,Orange,M,RW,14.9675572511905,file6646e082a,0,file6646e082a
145,Orange,M,RW,12.8659660952383,file6646e082a,0,file6646e082a
146,Orange,M,RW,16.687290915221,file6646e082a,0,file6646e082a
147,Orange,M,RW,14.813098064479,file6646e082a,0,file6646e082a
148,Orange,M,RW,13.2750861507647,file6646e082a,0,file6646e082a
149,Orange,M,RW,17.1064310129468,file6646e082a,0,file6646e082a
150,Orange,M,RW,16.1317837316527,file6646e082a,0,file6646e082a
151,Orange,F,RW,11.1576612898264,file6646e082a,0,file6646e082a
152,Orange,F,RW,9.50728022006376,file6646e082a,0,file6646e082a
153,Orange,F,RW,8.85122619772472,file6646e082a,0,file6646e082a
154,Orange,F,RW,10.5502657850513,file6646e082a,0,file6646e082a
155,Orange,F,RW,12.1762731824129,file6646e082a,0,file6646e082a
156,Orange,F,RW,12.9709583081568,file6646e082a,0,file6646e082a
157,Orange,F,RW,14.4173944498981,file6646e082a,0,file6646e082a
158,Orange,F,RW,12.050223902191,file6646e082a,0,file6646e082a
159,Orange,F,RW,12.6124251984376,file6646e082a,0,file6646e082a
160,Orange,F,RW,14.3485382184782,file6646e082a,0,file6646e082a
161,Orange,F,RW,13.351008592286,file6646e082a,0,file6646e082a
162,Orange,F,RW,14.1139830078377,file6646e082a,0,file6646e082a
163,Orange,F,RW,13.4723090550064,file6646e082a,0,file6646e082a
164,Orange,F,RW,13.832046040652,file6646e082a,0,file6646e082a
165,Orange,F,RW,14.4331154045953,file6646e082a,0,file6646e082a
166,Orange,F,RW,13.4023991055398,file6646e082a,0,file6646e082a
167,Orange,F,RW,12.9701502391147,file6646e082a,0,file6646e082a
168,Orange,F,RW,16.2862002341522,file6646e082a,0,file6646e082a
169,Orange,F,RW,12.2214384233655,file6646e082a,0,file6646e082a
170,Orange,F,RW,14.7776919317608,file6646e082a,0,file6646e082a
171,Orange,F,RW,11.9649263292087,file6646e082a,0,file6646e082a
172,Orange,F,RW,14.5567565833124,file6646e082a,0,file6646e082a
173,Orange,F,RW,14.4848858475314,file6646e082a,0,file6646e082a
174,Orange,F,RW,14.7447463306966,file6646e082a,0,file6646e082a
175,Orange,F,RW,14.6199155453804,file6646e082a,0,file6646e082a
176,Orange,F,RW,13.9917281963434,file6646e082a,0,file6646e082a
177,Orange,F,RW,15.7059110049878,file6646e082a,0,file6646e082a
178,Orange,F,RW,14.1274005282016,file6646e082a,0,file6646e082a
179,Orange,F,RW,16.6970287946184,file6646e082a,0,file6646e082a
180,Orange,F,RW,16.4166006022945,file6646e082a,0,file6646e082a
181,Orange,F,RW,12.7459934658246,file6646e082a,0,file6646e082a
182,Orange,F,RW,17.3546478315799,file6646e082a,0,file6646e082a
183,Orange,F,RW,16.1494609491424,file6646e082a,0,file6646e082a
184,Orange,F,RW,18.5581228205157,file6646e082a,0,file6646e082a
185,Orange,F,RW,15.2725721121737,file6646e082a,0,file6646e082a
186,Orange,F,RW,16.0277030651383,file6646e082a,0,file6646e082a
187,Orange,F,RW,18.4428312609506,file6646e082a,0,file6646e082a
188,Orange,F,RW,16.5426117840904,file6646e082a,0,file6646e082a
189,Orange,F,RW,18.7150359123966,file6646e082a,0,file6646e082a
190,Orange,F,RW,16.1819498972626,file6646e082a,0,file6646e082a
191,Orange,F,RW,14.6813515175876,file6646e082a,0,file6646e082a
192,Orange,F,RW,18.901416669107,file6646e082a,0,file6646e082a
193,Orange,F,RW,18.8324626418254,file6646e082a,0,file6646e082a
194,Orange,F,RW,15.346641319393,file6646e082a,0,file6646e082a
195,Orange,F,RW,19.0839855496009,file6646e082a,0,file6646e082a
196,Orange,F,RW,17.0378327941548,file6646e082a,0,file6646e082a
197,Orange,F,RW,15.936988738766,file6646e082a,0,file6646e082a
198,Orange,F,RW,16.2581135803932,file6646e082a,0,file6646e082a
199,Orange,F,RW,20.0062030692922,file6646e082a,0,file6646e082a
200,Orange,F,RW,22.4825449884193,file6646e082a,0,file6646e082a
1,Blue,M,CL,14.5594187528219,file6646e082a,0,file6646e082a
2,Blue,M,CL,15.1375713505064,file6646e082a,0,file6646e082a
3,Blue,M,CL,21.8578679331146,file6646e082a,0,file6646e082a
4,Blue,M,CL,21.559252026223,file6646e082a,0,file6646e082a
5,Blue,M,CL,22.0053011256542,file6646e082a,0,file6646e082a
6,Blue,M,CL,22.4059992583454,file6646e082a,0,file6646e082a
7,Blue,M,CL,27.1544725267087,file6646e082a,0,file6646e082a
8,Blue,M,CL,25.4397509358183,file6646e082a,0,file6646e082a
9,Blue,M,CL,23.5941839921975,file6646e082a,0,file6646e082a
10,Blue,M,CL,24.2087278088406,file6646e082a,0,file6646e082a
11,Blue,M,CL,29.5323878062859,file6646e082a,0,file6646e082a
12,Blue,M,CL,30.5420307662626,file6646e082a,0,file6646e082a
13,Blue,M,CL,25.5537611398926,file6646e082a,0,file6646e082a
14,Blue,M,CL,26.1913054512109,file6646e082a,0,file6646e082a
15,Blue,M,CL,29.9779299420585,file6646e082a,0,file6646e082a
16,Blue,M,CL,23.50011735604,file6646e082a,0,file6646e082a
17,Blue,M,CL,31.8050170306686,file6646e082a,0,file6646e082a
18,Blue,M,CL,25.0607726650772,file6646e082a,0,file6646e082a
19,Blue,M,CL,30.6806385056459,file6646e082a,0,file6646e082a
20,Blue,M,CL,24.7527826767454,file6646e082a,0,file6646e082a
21,Blue,M,CL,35.0846906098902,file6646e082a,0,file6646e082a
22,Blue,M,CL,28.0961308542783,file6646e082a,0,file6646e082a
23,Blue,M,CL,32.0960545183111,file6646e082a,0,file6646e082a
24,Blue,M,CL,37.4799299505585,file6646e082a,0,file6646e082a
25,Blue,M,CL,34.7346849647985,file6646e082a,0,file6646e082a
26,Blue,M,CL,33.4503673482161,file6646e082a,0,file6646e082a
27,Blue,M,CL,30.8212334603079,file6646e082a,0,file6646e082a
28,Blue,M,CL,30.7697555947604,file6646e082a,0,file6646e082a
29,Blue,M,CL,38.4267772556632,file6646e082a,0,file6646e082a
30,Blue,M,CL,37.100777045234,file6646e082a,0,file6646e082a
31,Blue,M,CL,36.2798306859956,file6646e082a,0,file6646e082a
32,Blue,M,CL,37.2766302557987,file6646e082a,0,file6646e082a
33,Blue,M,CL,31.279152927898,file6646e082a,0,file6646e082a
34,Blue,M,CL,30.3407717902465,file6646e082a,0,file6646e082a
35,Blue,M,CL,35.5585615245793,file6646e082a,0,file6646e082a
36,Blue,M,CL,32.2266762242394,file6646e082a,0,file6646e082a
37,Blue,M,CL,33.9409452931877,file6646e082a,0,file6646e082a
38,Blue,M,CL,35.5898095481279,file6646e082a,0,file6646e082a
39,Blue,M,CL,42.035143383256,file6646e082a,0,file6646e082a
40,Blue,M,CL,36.3729300011135,file6646e082a,0,file6646e082a
41,Blue,M,CL,38.7449443659471,file6646e082a,0,file6646e082a
42,Blue,M,CL,35.1508473835513,file6646e082a,0,file6646e082a
43,Blue,M,CL,41.2598432170801,file6646e082a,0,file6646e082a
44,Blue,M,CL,36.9430974792093,file6646e082a,0,file6646e082a
45,Blue,M,CL,45.3834373275518,file6646e082a,0,file6646e082a
46,Blue,M,CL,37.06191722626,file6646e082a,0,file6646e082a
47,Blue,M,CL,46.9912324007997,file6646e082a,0,file6646e082a
48,Blue,M,CL,43.1707645122281,file6646e082a,0,file6646e082a
49,Blue,M,CL,47.9851483721734,file6646e082a,0,file6646e082a
50,Blue,M,CL,42.1502189077341,file6646e082a,0,file6646e082a
51,Blue,F,CL,15.7824126389641,file6646e082a,0,file6646e082a
52,Blue,F,CL,21.2953608219462,file6646e082a,0,file6646e082a
53,Blue,F,CL,20.8444082247884,file6646e082a,0,file6646e082a
54,Blue,F,CL,16.1192124254774,file6646e082a,0,file6646e082a
55,Blue,F,CL,22.4774926275387,file6646e082a,0,file6646e082a
56,Blue,F,CL,17.3675566424798,file6646e082a,0,file6646e082a
57,Blue,F,CL,23.0097797336599,file6646e082a,0,file6646e082a
58,Blue,F,CL,20.5272675414056,file6646e082a,0,file6646e082a
59,Blue,F,CL,25.2072235753381,file6646e082a,0,file6646e082a
60,Blue,F,CL,24.8203164125573,file6646e082a,0,file6646e082a
61,Blue,F,CL,24.2470739004208,file6646e082a,0,file6646e082a
62,Blue,F,CL,21.9593171067272,file6646e082a,0,file6646e082a
63,Blue,F,CL,24.6907131182236,file6646e082a,0,file6646e082a
64,Blue,F,CL,23.9024380861117,file6646e082a,0,file6646e082a
65,Blue,F,CL,22.545322615067,file6646e082a,0,file6646e082a
66,Blue,F,CL,27.1405915320023,file6646e082a,0,file6646e082a
67,Blue,F,CL,28.0032849272565,file6646e082a,0,file6646e082a
68,Blue,F,CL,26.0923712146437,file6646e082a,0,file6646e082a
69,Blue,F,CL,21.8590626356353,file6646e082a,0,file6646e082a
70,Blue,F,CL,28.8503373445447,file6646e082a,0,file6646e082a
71,Blue,F,CL,29.4662827663307,file6646e082a,0,file6646e082a
72,Blue,F,CL,29.7651569804642,file6646e082a,0,file6646e082a
73,Blue,F,CL,25.52123412776,file6646e082a,0,file6646e082a
74,Blue,F,CL,23.7091643850805,file6646e082a,0,file6646e082a
75,Blue,F,CL,26.6329465909476,file6646e082a,0,file6646e082a
76,Blue,F,CL,27.4830839420679,file6646e082a,0,file6646e082a
77,Blue,F,CL,26.0464410515416,file6646e082a,0,file6646e082a
78,Blue,F,CL,23.8547494183327,file6646e082a,0,file6646e082a
79,Blue,F,CL,30.2009615077616,file6646e082a,0,file6646e082a
80,Blue,F,CL,28.9454410236286,file6646e082a,0,file6646e082a
81,Blue,F,CL,29.3798555517135,file6646e082a,0,file6646e082a
82,Blue,F,CL,35.2576623746025,file6646e082a,0,file6646e082a
83,Blue,F,CL,34.8414007038154,file6646e082a,0,file6646e082a
84,Blue,F,CL,26.8793867443961,file6646e082a,0,file6646e082a
85,Blue,F,CL,35.6912239058216,file6646e082a,0,file6646e082a
86,Blue,F,CL,26.8502150397375,file6646e082a,0,file6646e082a
87,Blue,F,CL,35.3399233158453,file6646e082a,0,file6646e082a
88,Blue,F,CL,35.7783294361359,file6646e082a,0,file6646e082a
89,Blue,F,CL,29.5627772568967,file6646e082a,0,file6646e082a
90,Blue,F,CL,38.214178637433,file6646e082a,0,file6646e082a
91,Blue,F,CL,31.4165549941679,file6646e082a,0,file6646e082a
92,Blue,F,CL,35.8834127202636,file6646e082a,0,file6646e082a
93,Blue,F,CL,28.3323867474182,file6646e082a,0,file6646e082a
94,Blue,F,CL,35.0030488421331,file6646e082a,0,file6646e082a
95,Blue,F,CL,38.3358400380117,file6646e082a,0,file6646e082a
96,Blue,F,CL,38.8970969826157,file6646e082a,0,file6646e082a
97,Blue,F,CL,37.7375730384812,file6646e082a,0,file6646e082a
98,Blue,F,CL,44.1845865356344,file6646e082a,0,file6646e082a
99,Blue,F,CL,34.0621019748416,file6646e082a,0,file6646e082a
100,Blue,F,CL,37.3391183950722,file6646e082a,0,file6646e082a
101,Orange,M,CL,16.1127597679462,file6646e082a,0,file6646e082a
102,Orange,M,CL,21.5965928584446,file6646e082a,0,file6646e082a
103,Orange,M,CL,19.7762601346914,file6646e082a,0,file6646e082a
104,Orange,M,CL,21.777034969585,file6646e082a,0,file6646e082a
105,Orange,M,CL,24.4149658512021,file6646e082a,0,file6646e082a
106,Orange,M,CL,25.3468165886818,file6646e082a,0,file6646e082a
107,Orange,M,CL,22.9894367442912,file6646e082a,0,file6646e082a
108,Orange,M,CL,30.362190190961,file6646e082a,0,file6646e082a
109,Orange,M,CL,22.2720226125505,file6646e082a,0,file6646e082a
110,Orange,M,CL,26.7714645597452,file6646e082a,0,file6646e082a
111,Orange,M,CL,30.9091594938625,file6646e082a,0,file6646e082a
112,Orange,M,CL,26.8293212041109,file6646e082a,0,file6646e082a
113,Orange,M,CL,32.3740435882743,file6646e082a,0,file6646e082a
114,Orange,M,CL,27.4897574042978,file6646e082a,0,file6646e082a
115,Orange,M,CL,27.3588415608521,file6646e082a,0,file6646e082a
116,Orange,M,CL,24.5256438004506,file6646e082a,0,file6646e082a
117,Orange,M,CL,33.2877148594301,file6646e082a,0,file6646e082a
118,Orange,M,CL,30.6802008575389,file6646e082a,0,file6646e082a
119,Orange,M,CL,32.3054982988803,file6646e082a,0,file6646e082a
120,Orange,M,CL,31.3363596276801,file6646e082a,0,file6646e082a
121,Orange,M,CL,26.2588853307025,file6646e082a,0,file6646e082a
122,Orange,M,CL,25.9225224906153,file6646e082a,0,file6646e082a
123,Orange,M,CL,32.7228036478689,file6646e082a,0,file6646e082a
124,Orange,M,CL,35.9421406893113,file6646e082a,0,file6646e082a
125,Orange,M,CL,32.6556579315892,file6646e082a,0,file6646e082a
126,Orange,M,CL,31.8481898903422,file6646e082a,0,file6646e082a
127,Orange,M,CL,36.1061452566776,file6646e082a,0,file6646e082a
128,Orange,M,CL,29.2678447346631,file6646e082a,0,file6646e082a
129,Orange,M,CL,36.2279356321743,file6646e082a,0,file6646e082a
130,Orange,M,CL,31.7690908782566,file6646e082a,0,file6646e082a
131,Orange,M,CL,38.6811544165781,file6646e082a,0,file6646e082a
132,Orange,M,CL,37.4150721911997,file6646e082a,0,file6646e082a
133,Orange,M,CL,41.8871201608802,file6646e082a,0,file6646e082a
134,Orange,M,CL,33.0040890469853,file6646e082a,0,file6646e082a
135,Orange,M,CL,33.5611045933263,file6646e082a,0,file6646e082a
136,Orange,M,CL,33.489888305814,file6646e082a,0,file6646e082a
137,Orange,M,CL,36.6773581012459,file6646e082a,0,file6646e082a
138,Orange,M,CL,34.3956702361744,file6646e082a,0,file6646e082a
139,Orange,M,CL,33.222050723104,file6646e082a,0,file6646e082a
140,Orange,M,CL,43.889717095332,file6646e082a,0,file6646e082a
141,Orange,M,CL,45.7965043972411,file6646e082a,0,file6646e082a
142,Orange,M,CL,39.0386361117613,file6646e082a,0,file6646e082a
143,Orange,M,CL,38.6486426872763,file6646e082a,0,file6646e082a
144,Orange,M,CL,47.8909237445959,file6646e082a,0,file6646e082a
145,Orange,M,CL,42.2327079904406,file6646e082a,0,file6646e082a
146,Orange,M,CL,46.2910873576983,file6646e082a,0,file6646e082a
147,Orange,M,CL,47.7119163343979,file6646e082a,0,file6646e082a
148,Orange,M,CL,51.1477293904424,file6646e082a,0,file6646e082a
149,Orange,M,CL,40.272538718925,file6646e082a,0,file6646e082a
150,Orange,M,CL,54.4564915271692,file6646e082a,0,file6646e082a
151,Orange,F,CL,23.6782607467465,file6646e082a,0,file6646e082a
152,Orange,F,CL,20.914259185669,file6646e082a,0,file6646e082a
153,Orange,F,CL,26.8088576612404,file6646e082a,0,file6646e082a
154,Orange,F,CL,27.3178498969003,file6646e082a,0,file6646e082a
155,Orange,F,CL,29.7214898399228,file6646e082a,0,file6646e082a
156,Orange,F,CL,29.1034767141878,file6646e082a,0,file6646e082a
157,Orange,F,CL,27.7460332735872,file6646e082a,0,file6646e082a
158,Orange,F,CL,25.7903424286442,file6646e082a,0,file6646e082a
159,Orange,F,CL,33.3403792477988,file6646e082a,0,file6646e082a
160,Orange,F,CL,29.4286524147559,file6646e082a,0,file6646e082a
161,Orange,F,CL,29.3960272445082,file6646e082a,0,file6646e082a
162,Orange,F,CL,35.4929801083169,file6646e082a,0,file6646e082a
163,Orange,F,CL,27.0430501526635,file6646e082a,0,file6646e082a
164,Orange,F,CL,28.9235874282584,file6646e082a,0,file6646e082a
165,Orange,F,CL,34.6488535621743,file6646e082a,0,file6646e082a
166,Orange,F,CL,30.2833839443294,file6646e082a,0,file6646e082a
167,Orange,F,CL,28.2892399629549,file6646e082a,0,file6646e082a
168,Orange,F,CL,26.4101336151323,file6646e082a,0,file6646e082a
169,Orange,F,CL,31.9944902968187,file6646e082a,0,file6646e082a
170,Orange,F,CL,35.0735203778597,file6646e082a,0,file6646e082a
171,Orange,F,CL,32.3452207162964,file6646e082a,0,file6646e082a
172,Orange,F,CL,32.234655877929,file6646e082a,0,file6646e082a
173,Orange,F,CL,33.4145325406415,file6646e082a,0,file6646e082a
174,Orange,F,CL,30.9968535374001,file6646e082a,0,file6646e082a
175,Orange,F,CL,33.9899995217411,file6646e082a,0,file6646e082a
176,Orange,F,CL,34.4864756080003,file6646e082a,0,file6646e082a
177,Orange,F,CL,38.8277840445493,file6646e082a,0,file6646e082a
178,Orange,F,CL,38.6640639214327,file6646e082a,0,file6646e082a
179,Orange,F,CL,36.0223697363397,file6646e082a,0,file6646e082a
180,Orange,F,CL,33.3046221874838,file6646e082a,0,file6646e082a
181,Orange,F,CL,30.0372726635745,file6646e082a,0,file6646e082a
182,Orange,F,CL,37.1605476496988,file6646e082a,0,file6646e082a
183,Orange,F,CL,39.7756095954312,file6646e082a,0,file6646e082a
184,Orange,F,CL,34.5478695011257,file6646e082a,0,file6646e082a
185,Orange,F,CL,37.8043189754552,file6646e082a,0,file6646e082a
186,Orange,F,CL,43.0445852877127,file6646e082a,0,file6646e082a
187,Orange,F,CL,40.173268481866,file6646e082a,0,file6646e082a
188,Orange,F,CL,35.7741736054018,file6646e082a,0,file6646e082a
189,Orange,F,CL,42.9037560376888,file6646e082a,0,file6646e082a
190,Orange,F,CL,34.0933759805131,file6646e082a,0,file6646e082a
191,Orange,F,CL,34.3312641879126,file6646e082a,0,file6646e082a
192,Orange,F,CL,40.5446711995742,file6646e082a,0,file6646e082a
193,Orange,F,CL,36.342710463006,file6646e082a,0,file6646e082a
194,Orange,F,CL,37.9555150512,file6646e082a,0,file6646e082a
195,Orange,F,CL,40.4326340577565,file6646e082a,0,file6646e082a
196,Orange,F,CL,39.4248658170892,file6646e082a,0,file6646e082a
197,Orange,F,CL,46.1874400521254,file6646e082a,0,file6646e082a
198,Orange,F,CL,43.3166163669508,file6646e082a,0,file6646e082a
199,Orange,F,CL,38.9515632842244,file6646e082a,0,file6646e082a
200,Orange,F,CL,39.8118526046923,file6646e082a,0,file6646e082a
1,Blue,M,CW,17.6556343839292,file6646e082a,0,file6646e082a
2,Blue,M,CW,20.3723015348699,file6646e082a,0,file6646e082a
3,Blue,M,CW,21.3349594605835,file6646e082a,0,file6646e082a
4,Blue,M,CW,21.3546113872654,file6646e082a,0,file6646e082a
5,Blue,M,CW,20.3696207864481,file6646e082a,0,file6646e082a
6,Blue,M,CW,24.4748126497107,file6646e082a,0,file6646e082a
7,Blue,M,CW,28.5912438205648,file6646e082a,0,file6646e082a
8,Blue,M,CW,29.2381647414588,file6646e082a,0,file6646e082a
9,Blue,M,CW,29.5076846355794,file6646e082a,0,file6646e082a
10,Blue,M,CW,32.988518837433,file6646e082a,0,file6646e082a
11,Blue,M,CW,34.8660038573655,file6646e082a,0,file6646e082a
12,Blue,M,CW,32.0455747989032,file6646e082a,0,file6646e082a
13,Blue,M,CW,36.2310283222288,file6646e082a,0,file6646e082a
14,Blue,M,CW,32.7886373562269,file6646e082a,0,file6646e082a
15,Blue,M,CW,31.1306699146458,file6646e082a,0,file6646e082a
16,Blue,M,CW,30.6622968827542,file6646e082a,0,file6646e082a
17,Blue,M,CW,35.7645711480294,file6646e082a,0,file6646e082a
18,Blue,M,CW,30.7563317245692,file6646e082a,0,file6646e082a
19,Blue,M,CW,32.7510488761844,file6646e082a,0,file6646e082a
20,Blue,M,CW,28.2050878913736,file6646e082a,0,file6646e082a
21,Blue,M,CW,29.8897847568396,file6646e082a,0,file6646e082a
22,Blue,M,CW,32.6571147932547,file6646e082a,0,file6646e082a
23,Blue,M,CW,30.5194509263749,file6646e082a,0,file6646e082a
24,Blue,M,CW,40.9882996757908,file6646e082a,0,file6646e082a
25,Blue,M,CW,37.7071356716634,file6646e082a,0,file6646e082a
26,Blue,M,CW,38.1264201739013,file6646e082a,0,file6646e082a
27,Blue,M,CW,43.0153541408089,file6646e082a,0,file6646e082a
28,Blue,M,CW,43.1655565086329,file6646e082a,0,file6646e082a
29,Blue,M,CW,39.3770178405331,file6646e082a,0,file6646e082a
30,Blue,M,CW,36.2192090046435,file6646e082a,0,file6646e082a
31,Blue,M,CW,45.2686516400827,file6646e082a,0,file6646e082a
32,Blue,M,CW,41.0251235187488,file6646e082a,0,file6646e082a
33,Blue,M,CW,41.4324260702755,file6646e082a,0,file6646e082a
34,Blue,M,CW,36.1793950139572,file6646e082a,0,file6646e082a
35,Blue,M,CW,43.6656140159837,file6646e082a,0,file6646e082a
36,Blue,M,CW,36.6391185881552,file6646e082a,0,file6646e082a
37,Blue,M,CW,46.6655093318976,file6646e082a,0,file6646e082a
38,Blue,M,CW,36.3719170648023,file6646e082a,0,file6646e082a
39,Blue,M,CW,48.7606451179605,file6646e082a,0,file6646e082a
40,Blue,M,CW,49.1695688538026,file6646e082a,0,file6646e082a
41,Blue,M,CW,50.1879863871196,file6646e082a,0,file6646e082a
42,Blue,M,CW,46.8627830110968,file6646e082a,0,file6646e082a
43,Blue,M,CW,50.8243892155453,file6646e082a,0,file6646e082a
44,Blue,M,CW,50.265736467774,file6646e082a,0,file6646e082a
45,Blue,M,CW,47.4352398423948,file6646e082a,0,file6646e082a
46,Blue,M,CW,44.188734654409,file6646e082a,0,file6646e082a
47,Blue,M,CW,48.8651568925466,file6646e082a,0,file6646e082a
48,Blue,M,CW,43.4831718199802,file6646e082a,0,file6646e082a
49,Blue,M,CW,48.328589221489,file6646e082a,0,file6646e082a
50,Blue,M,CW,53.2223794261243,file6646e082a,0,file6646e082a
51,Blue,F,CW,14.5158508428974,file6646e082a,0,file6646e082a
52,Blue,F,CW,26.3526733957614,file6646e082a,0,file6646e082a
53,Blue,F,CW,24.7176680134323,file6646e082a,0,file6646e082a
54,Blue,F,CW,19.5442055604178,file6646e082a,0,file6646e082a
55,Blue,F,CW,23.075148795252,file6646e082a,0,file6646e082a
56,Blue,F,CW,24.1780109661479,file6646e082a,0,file6646e082a
57,Blue,F,CW,21.6158560691139,file6646e082a,0,file6646e082a
58,Blue,F,CW,28.4522835014808,file6646e082a,0,file6646e082a
59,Blue,F,CW,24.4500589305222,file6646e082a,0,file6646e082a
60,Blue,F,CW,29.4828008053214,file6646e082a,0,file6646e082a
61,Blue,F,CW,23.4149197307075,file6646e082a,0,file6646e082a
62,Blue,F,CW,24.6661965120509,file6646e082a,0,file6646e082a
63,Blue,F,CW,28.6357055779391,file6646e082a,0,file6646e082a
64,Blue,F,CW,29.3805150554342,file6646e082a,0,file6646e082a
65,Blue,F,CW,27.0629267607929,file6646e082a,0,file6646e082a
66,Blue,F,CW,24.6993293491449,file6646e082a,0,file6646e082a
67,Blue,F,CW,31.7143231213977,file6646e082a,0,file6646e082a
68,Blue,F,CW,32.0237489264066,file6646e082a,0,file6646e082a
69,Blue,F,CW,31.5450644998133,file6646e082a,0,file6646e082a
70,Blue,F,CW,32.9978256890977,file6646e082a,0,file6646e082a
71,Blue,F,CW,32.9283356669426,file6646e082a,0,file6646e082a
72,Blue,F,CW,29.5751329586209,file6646e082a,0,file6646e082a
73,Blue,F,CW,33.5844725167202,file6646e082a,0,file6646e082a
74,Blue,F,CW,34.1690040347037,file6646e082a,0,file6646e082a
75,Blue,F,CW,30.9578290778115,file6646e082a,0,file6646e082a
76,Blue,F,CW,33.7067497469297,file6646e082a,0,file6646e082a
77,Blue,F,CW,35.0038753722163,file6646e082a,0,file6646e082a
78,Blue,F,CW,38.2057844555738,file6646e082a,0,file6646e082a
79,Blue,F,CW,38.5278265054455,file6646e082a,0,file6646e082a
80,Blue,F,CW,37.5999571341906,file6646e082a,0,file6646e082a
81,Blue,F,CW,31.7681620410352,file6646e082a,0,file6646e082a
82,Blue,F,CW,35.759827205756,file6646e082a,0,file6646e082a
83,Blue,F,CW,37.6554048064737,file6646e082a,0,file6646e082a
84,Blue,F,CW,33.8784434979937,file6646e082a,0,file6646e082a
85,Blue,F,CW,33.9182979068574,file6646e082a,0,file6646e082a
86,Blue,F,CW,35.6535680617438,file6646e082a,0,file6646e082a
87,Blue,F,CW,33.3263226356684,file6646e082a,0,file6646e082a
88,Blue,F,CW,32.8401588006281,file6646e082a,0,file6646e082a
89,Blue,F,CW,35.6443554333802,file6646e082a,0,file6646e082a
90,Blue,F,CW,32.4331189547052,file6646e082a,0,file6646e082a
91,Blue,F,CW,33.3272125071052,file6646e082a,0,file6646e082a
92,Blue,F,CW,45.7615984710388,file6646e082a,0,file6646e082a
93,Blue,F,CW,42.5962958944842,file6646e082a,0,file6646e082a
94,Blue,F,CW,44.8177734215937,file6646e082a,0,file6646e082a
95,Blue,F,CW,46.4434410188052,file6646e082a,0,file6646e082a
96,Blue,F,CW,35.552668304237,file6646e082a,0,file6646e082a
97,Blue,F,CW,43.5111670220247,file6646e082a,0,file6646e082a
98,Blue,F,CW,47.8512217981415,file6646e082a,0,file6646e082a
99,Blue,F,CW,47.2256434875697,file6646e082a,0,file6646e082a
100,Blue,F,CW,43.4554122691033,file6646e082a,0,file6646e082a
101,Orange,M,CW,17.3221068207593,file6646e082a,0,file6646e082a
102,Orange,M,CW,22.8958667591957,file6646e082a,0,file6646e082a
103,Orange,M,CW,21.6937813834879,file6646e082a,0,file6646e082a
104,Orange,M,CW,26.4401189445018,file6646e082a,0,file6646e082a
105,Orange,M,CW,24.4511933957977,file6646e082a,0,file6646e082a
106,Orange,M,CW,23.9461986943503,file6646e082a,0,file6646e082a
107,Orange,M,CW,26.2501065035154,file6646e082a,0,file6646e082a
108,Orange,M,CW,26.5302596808446,file6646e082a,0,file6646e082a
109,Orange,M,CW,30.3079126209525,file6646e082a,0,file6646e082a
110,Orange,M,CW,26.4172337937063,file6646e082a,0,file6646e082a
111,Orange,M,CW,33.1791886145451,file6646e082a,0,file6646e082a
112,Orange,M,CW,30.4674554397403,file6646e082a,0,file6646e082a
113,Orange,M,CW,29.0576839891297,file6646e082a,0,file6646e082a
114,Orange,M,CW,36.6190565887433,file6646e082a,0,file6646e082a
115,Orange,M,CW,28.665477964988,file6646e082a,0,file6646e082a
116,Orange,M,CW,27.70619544964,file6646e082a,0,file6646e082a
117,Orange,M,CW,31.820682514046,file6646e082a,0,file6646e082a
118,Orange,M,CW,36.540623432752,file6646e082a,0,file6646e082a
119,Orange,M,CW,29.8220162042089,file6646e082a,0,file6646e082a
120,Orange,M,CW,35.1940021472243,file6646e082a,0,file6646e082a
121,Orange,M,CW,32.1623745820325,file6646e082a,0,file6646e082a
122,Orange,M,CW,35.8371276439282,file6646e082a,0,file6646e082a
123,Orange,M,CW,33.3693310732151,file6646e082a,0,file6646e082a
124,Orange,M,CW,31.1822287368458,file6646e082a,0,file6646e082a
125,Orange,M,CW,35.5165154692477,file6646e082a,0,file6646e082a
126,Orange,M,CW,43.0342561640125,file6646e082a,0,file6646e082a
127,Orange,M,CW,40.4831668101504,file6646e082a,0,file6646e082a
128,Orange,M,CW,36.5633274768647,file6646e082a,0,file6646e082a
129,Orange,M,CW,42.488793018801,file6646e082a,0,file6646e082a
130,Orange,M,CW,33.4092036334536,file6646e082a,0,file6646e082a
131,Orange,M,CW,35.2734293961604,file6646e082a,0,file6646e082a
132,Orange,M,CW,37.030299402958,file6646e082a,0,file6646e082a
133,Orange,M,CW,40.1121981788565,file6646e082a,0,file6646e082a
134,Orange,M,CW,41.0930688050167,file6646e082a,0,file6646e082a
135,Orange,M,CW,39.1257761646214,file6646e082a,0,file6646e082a
136,Orange,M,CW,39.5303780780086,file6646e082a,0,file6646e082a
137,Orange,M,CW,39.782929869957,file6646e082a,0,file6646e082a
138,Orange,M,CW,36.9659178530556,file6646e082a,0,file6646e082a
139,Orange,M,CW,39.3563744980896,file6646e082a,0,file6646e082a
140,Orange,M,CW,40.363726442618,file6646e082a,0,file6646e082a
141,Orange,M,CW,37.1340891015938,file6646e082a,0,file6646e082a
142,Orange,M,CW,54.0546017666663,file6646e082a,0,file6646e082a
143,Orange,M,CW,43.5028587970207,file6646e082a,0,file6646e082a
144,Orange,M,CW,51.7893096490881,file6646e082a,0,file6646e082a
145,Orange,M,CW,57.6077306780071,file6646e082a,0,file6646e082a
146,Orange,M,CW,45.764073081275,file6646e082a,0,file6646e082a
147,Orange,M,CW,52.0786533480324,file6646e082a,0,file6646e082a
148,Orange,M,CW,52.727276567238,file6646e082a,0,file6646e082a
149,Orange,M,CW,52.8597713976024,file6646e082a,0,file6646e082a
150,Orange,M,CW,55.6548001581028,file6646e082a,0,file6646e082a
151,Orange,F,CW,27.0047230168057,file6646e082a,0,file6646e082a
152,Orange,F,CW,20.6341177275366,file6646e082a,0,file6646e082a
153,Orange,F,CW,30.3873424507972,file6646e082a,0,file6646e082a
154,Orange,F,CW,28.9235712630132,file6646e082a,0,file6646e082a
155,Orange,F,CW,28.6071637661306,file6646e082a,0,file6646e082a
156,Orange,F,CW,29.0155370352855,file6646e082a,0,file6646e082a
157,Orange,F,CW,32.689213803404,file6646e082a,0,file6646e082a
158,Orange,F,CW,26.6531355095254,file6646e082a,0,file6646e082a
159,Orange,F,CW,28.2679821328666,file6646e082a,0,file6646e082a
160,Orange,F,CW,31.6853829075505,file6646e082a,0,file6646e082a
161,Orange,F,CW,34.8432406799317,file6646e082a,0,file6646e082a
162,Orange,F,CW,38.4652864400875,file6646e082a,0,file6646e082a
163,Orange,F,CW,38.4170437474896,file6646e082a,0,file6646e082a
164,Orange,F,CW,40.1396653703288,file6646e082a,0,file6646e082a
165,Orange,F,CW,31.9959754599902,file6646e082a,0,file6646e082a
166,Orange,F,CW,38.233639595793,file6646e082a,0,file6646e082a
167,Orange,F,CW,35.7482000799548,file6646e082a,0,file6646e082a
168,Orange,F,CW,37.3374165180096,file6646e082a,0,file6646e082a
169,Orange,F,CW,31.1515410907472,file6646e082a,0,file6646e082a
170,Orange,F,CW,35.3656601449738,file6646e082a,0,file6646e082a
171,Orange,F,CW,38.0542101932775,file6646e082a,0,file6646e082a
172,Orange,F,CW,36.157841211536,file6646e082a,0,file6646e082a
173,Orange,F,CW,39.0069630464052,file6646e082a,0,file6646e082a
174,Orange,F,CW,34.5723621939559,file6646e082a,0,file6646e082a
175,Orange,F,CW,34.8886735459984,file6646e082a,0,file6646e082a
176,Orange,F,CW,39.4856706657419,file6646e082a,0,file6646e082a
177,Orange,F,CW,40.5971133551828,file6646e082a,0,file6646e082a
178,Orange,F,CW,45.4795156399723,file6646e082a,0,file6646e082a
179,Orange,F,CW,44.8813336859423,file6646e082a,0,file6646e082a
180,Orange,F,CW,40.567379075819,file6646e082a,0,file6646e082a
181,Orange,F,CW,35.9436834172732,file6646e082a,0,file6646e082a
182,Orange,F,CW,45.3037179016391,file6646e082a,0,file6646e082a
183,Orange,F,CW,35.3551525129395,file6646e082a,0,file6646e082a
184,Orange,F,CW,43.1189130638413,file6646e082a,0,file6646e082a
185,Orange,F,CW,46.3249288565628,file6646e082a,0,file6646e082a
186,Orange,F,CW,48.033775998687,file6646e082a,0,file6646e082a
187,Orange,F,CW,45.1118636286865,file6646e082a,0,file6646e082a
188,Orange,F,CW,51.4636095224799,file6646e082a,0,file6646e082a
189,Orange,F,CW,47.8945202171374,file6646e082a,0,file6646e082a
190,Orange,F,CW,37.3532782825723,file6646e082a,0,file6646e082a
191,Orange,F,CW,47.349674541166,file6646e082a,0,file6646e082a
192,Orange,F,CW,50.0414138615829,file6646e082a,0,file6646e082a
193,Orange,F,CW,48.7598515006739,file6646e082a,0,file6646e082a
194,Orange,F,CW,47.8533819031757,file6646e082a,0,file6646e082a
195,Orange,F,CW,53.1428635454715,file6646e082a,0,file6646e082a
196,Orange,F,CW,38.6343859439635,file6646e082a,0,file6646e082a
197,Orange,F,CW,47.9032502259744,file6646e082a,0,file6646e082a
198,Orange,F,CW,54.9914357146447,file6646e082a,0,file6646e082a
199,Orange,F,CW,53.1802706676805,file6646e082a,0,file6646e082a
200,Orange,F,CW,44.2063824134275,file6646e082a,0,file6646e082a
1,Blue,M,BD,5.85317022957973,file6646e082a,0,file6646e082a
2,Blue,M,BD,7.74520231458127,file6646e082a,0,file6646e082a
3,Blue,M,BD,6.774349545962,file6646e082a,0,file6646e082a
4,Blue,M,BD,6.92183793588666,file6646e082a,0,file6646e082a
5,Blue,M,BD,7.77644316874425,file6646e082a,0,file6646e082a
6,Blue,M,BD,10.5258086848819,file6646e082a,0,file6646e082a
7,Blue,M,BD,10.049570920285,file6646e082a,0,file6646e082a
8,Blue,M,BD,11.1689847157681,file6646e082a,0,file6646e082a
9,Blue,M,BD,8.46862917244715,file6646e082a,0,file6646e082a
10,Blue,M,BD,10.8127189066629,file6646e082a,0,file6646e082a
11,Blue,M,BD,10.3160383387552,file6646e082a,0,file6646e082a
12,Blue,M,BD,12.6917363306902,file6646e082a,0,file6646e082a
13,Blue,M,BD,12.7707718319723,file6646e082a,0,file6646e082a
14,Blue,M,BD,9.15576946112065,file6646e082a,0,file6646e082a
15,Blue,M,BD,11.8968859265284,file6646e082a,0,file6646e082a
16,Blue,M,BD,11.0510954493799,file6646e082a,0,file6646e082a
17,Blue,M,BD,11.6455432522174,file6646e082a,0,file6646e082a
18,Blue,M,BD,12.6778487262861,file6646e082a,0,file6646e082a
19,Blue,M,BD,11.2497146817123,file6646e082a,0,file6646e082a
20,Blue,M,BD,13.0511656517099,file6646e082a,0,file6646e082a
21,Blue,M,BD,14.1529284711644,file6646e082a,0,file6646e082a
22,Blue,M,BD,12.4810064521954,file6646e082a,0,file6646e082a
23,Blue,M,BD,15.1895704841762,file6646e082a,0,file6646e082a
24,Blue,M,BD,11.2670385303445,file6646e082a,0,file6646e082a
25,Blue,M,BD,12.8826442184246,file6646e082a,0,file6646e082a
26,Blue,M,BD,13.0124554127738,file6646e082a,0,file6646e082a
27,Blue,M,BD,13.5193204346249,file6646e082a,0,file6646e082a
28,Blue,M,BD,14.9816401016158,file6646e082a,0,file6646e082a
29,Blue,M,BD,14.3183011002162,file6646e082a,0,file6646e082a
30,Blue,M,BD,13.0518916338565,file6646e082a,0,file6646e082a
31,Blue,M,BD,17.9827367869288,file6646e082a,0,file6646e082a
32,Blue,M,BD,16.3827916140238,file6646e082a,0,file6646e082a
33,Blue,M,BD,12.5359353752137,file6646e082a,0,file6646e082a
34,Blue,M,BD,16.0731649840347,file6646e082a,0,file6646e082a
35,Blue,M,BD,14.967968534795,file6646e082a,0,file6646e082a
36,Blue,M,BD,13.3533887663991,file6646e082a,0,file6646e082a
37,Blue,M,BD,15.7041705184232,file6646e082a,0,file6646e082a
38,Blue,M,BD,15.2974455374218,file6646e082a,0,file6646e082a
39,Blue,M,BD,17.5829069833605,file6646e082a,0,file6646e082a
40,Blue,M,BD,18.0709147348073,file6646e082a,0,file6646e082a
41,Blue,M,BD,17.2364639307236,file6646e082a,0,file6646e082a
42,Blue,M,BD,19.1703116086416,file6646e082a,0,file6646e082a
43,Blue,M,BD,17.2712985918474,file6646e082a,0,file6646e082a
44,Blue,M,BD,15.4976880829456,file6646e082a,0,file6646e082a
45,Blue,M,BD,16.1859409639667,file6646e082a,0,file6646e082a
46,Blue,M,BD,18.3074093047835,file6646e082a,0,file6646e082a
47,Blue,M,BD,15.2396197747946,file6646e082a,0,file6646e082a
48,Blue,M,BD,19.4655017025782,file6646e082a,0,file6646e082a
49,Blue,M,BD,16.9163272906218,file6646e082a,0,file6646e082a
50,Blue,M,BD,19.2839953551316,file6646e082a,0,file6646e082a
51,Blue,F,BD,6.95472495384964,file6646e082a,0,file6646e082a
52,Blue,F,BD,6.80451767230613,file6646e082a,0,file6646e082a
53,Blue,F,BD,7.8403325567189,file6646e082a,0,file6646e082a
54,Blue,F,BD,7.37787257985228,file6646e082a,0,file6646e082a
55,Blue,F,BD,7.18648991984866,file6646e082a,0,file6646e082a
56,Blue,F,BD,9.32525435980776,file6646e082a,0,file6646e082a
57,Blue,F,BD,8.70143691391731,file6646e082a,0,file6646e082a
58,Blue,F,BD,9.29409670846923,file6646e082a,0,file6646e082a
59,Blue,F,BD,8.80673840280804,file6646e082a,0,file6646e082a
60,Blue,F,BD,8.37821147839437,file6646e082a,0,file6646e082a
61,Blue,F,BD,7.47564420613349,file6646e082a,0,file6646e082a
62,Blue,F,BD,10.4558360904369,file6646e082a,0,file6646e082a
63,Blue,F,BD,11.3144090303637,file6646e082a,0,file6646e082a
64,Blue,F,BD,9.41858359623164,file6646e082a,0,file6646e082a
65,Blue,F,BD,9.81643167129362,file6646e082a,0,file6646e082a
66,Blue,F,BD,11.5397070508246,file6646e082a,0,file6646e082a
67,Blue,F,BD,11.6839393984201,file6646e082a,0,file6646e082a
68,Blue,F,BD,11.2526425450992,file6646e082a,0,file6646e082a
69,Blue,F,BD,9.79963488175559,file6646e082a,0,file6646e082a
70,Blue,F,BD,11.4522785966081,file6646e082a,0,file6646e082a
71,Blue,F,BD,13.5883780679837,file6646e082a,0,file6646e082a
72,Blue,F,BD,9.34624271028913,file6646e082a,0,file6646e082a
73,Blue,F,BD,10.631610881552,file6646e082a,0,file6646e082a
74,Blue,F,BD,13.0414907739801,file6646e082a,0,file6646e082a
75,Blue,F,BD,10.1435356743853,file6646e082a,0,file6646e082a
76,Blue,F,BD,12.7233350014165,file6646e082a,0,file6646e082a
77,Blue,F,BD,10.4908523013462,file6646e082a,0,file6646e082a
78,Blue,F,BD,13.5975599266844,file6646e082a,0,file6646e082a
79,Blue,F,BD,13.0186328869717,file6646e082a,0,file6646e082a
80,Blue,F,BD,13.4959066329646,file6646e082a,0,file6646e082a
81,Blue,F,BD,10.4034847836349,file6646e082a,0,file6646e082a
82,Blue,F,BD,11.9147211105514,file6646e082a,0,file6646e082a
83,Blue,F,BD,15.7802774136458,file6646e082a,0,file6646e082a
84,Blue,F,BD,11.7188680581643,file6646e082a,0,file6646e082a
85,Blue,F,BD,11.7800586687655,file6646e082a,0,file6646e082a
86,Blue,F,BD,11.5589606891082,file6646e082a,0,file6646e082a
87,Blue,F,BD,16.297081496159,file6646e082a,0,file6646e082a
88,Blue,F,BD,13.4248710261077,file6646e082a,0,file6646e082a
89,Blue,F,BD,12.1965581913057,file6646e082a,0,file6646e082a
90,Blue,F,BD,12.2767055501502,file6646e082a,0,file6646e082a
91,Blue,F,BD,14.7335520354844,file6646e082a,0,file6646e082a
92,Blue,F,BD,12.2164624921101,file6646e082a,0,file6646e082a
93,Blue,F,BD,15.872569840822,file6646e082a,0,file6646e082a
94,Blue,F,BD,13.490127050244,file6646e082a,0,file6646e082a
95,Blue,F,BD,15.8897550847715,file6646e082a,0,file6646e082a
96,Blue,F,BD,15.3580791439706,file6646e082a,0,file6646e082a
97,Blue,F,BD,15.5767290651877,file6646e082a,0,file6646e082a
98,Blue,F,BD,16.1202276193086,file6646e082a,0,file6646e082a
99,Blue,F,BD,14.9097997815089,file6646e082a,0,file6646e082a
100,Blue,F,BD,20.031224428516,file6646e082a,0,file6646e082a
101,Orange,M,BD,6.98300780348147,file6646e082a,0,file6646e082a
102,Orange,M,BD,10.2990001988271,file6646e082a,0,file6646e082a
103,Orange,M,BD,8.76169822271599,file6646e082a,0,file6646e082a
104,Orange,M,BD,8.85960128486061,file6646e082a,0,file6646e082a
105,Orange,M,BD,10.1909510500981,file6646e082a,0,file6646e082a
106,Orange,M,BD,12.2420509322382,file6646e082a,0,file6646e082a
107,Orange,M,BD,11.1133326493294,file6646e082a,0,file6646e082a
108,Orange,M,BD,13.3484767436647,file6646e082a,0,file6646e082a
109,Orange,M,BD,13.1007678095746,file6646e082a,0,file6646e082a
110,Orange,M,BD,11.8484015023977,file6646e082a,0,file6646e082a
111,Orange,M,BD,11.5110310777713,file6646e082a,0,file6646e082a
112,Orange,M,BD,15.5684833802466,file6646e082a,0,file6646e082a
113,Orange,M,BD,11.7043224199202,file6646e082a,0,file6646e082a
114,Orange,M,BD,13.1763895005007,file6646e082a,0,file6646e082a
115,Orange,M,BD,11.9318230020159,file6646e082a,0,file6646e082a
116,Orange,M,BD,10.9676819831769,file6646e082a,0,file6646e082a
117,Orange,M,BD,15.1558369367116,file6646e082a,0,file6646e082a
118,Orange,M,BD,11.1135343986922,file6646e082a,0,file6646e082a
119,Orange,M,BD,12.3921805899401,file6646e082a,0,file6646e082a
120,Orange,M,BD,13.7477536393038,file6646e082a,0,file6646e082a
121,Orange,M,BD,15.1710428878164,file6646e082a,0,file6646e082a
122,Orange,M,BD,14.4443524411757,file6646e082a,0,file6646e082a
123,Orange,M,BD,12.6052536110084,file6646e082a,0,file6646e082a
124,Orange,M,BD,15.0560763330374,file6646e082a,0,file6646e082a
125,Orange,M,BD,15.2412486627492,file6646e082a,0,file6646e082a
126,Orange,M,BD,16.8462824614251,file6646e082a,0,file6646e082a
127,Orange,M,BD,17.172856689625,file6646e082a,0,file6646e082a
128,Orange,M,BD,14.3495674397854,file6646e082a,0,file6646e082a
129,Orange,M,BD,14.1603154433802,file6646e082a,0,file6646e082a
130,Orange,M,BD,15.8613374243806,file6646e082a,0,file6646e082a
131,Orange,M,BD,16.7256010733164,file6646e082a,0,file6646e082a
132,Orange,M,BD,17.1579384099428,file6646e082a,0,file6646e082a
133,Orange,M,BD,16.917325645306,file6646e082a,0,file6646e082a
134,Orange,M,BD,19.3729577480429,file6646e082a,0,file6646e082a
135,Orange,M,BD,16.2962636552261,file6646e082a,0,file6646e082a
136,Orange,M,BD,16.6874015689867,file6646e082a,0,file6646e082a
137,Orange,M,BD,18.2125306719865,file6646e082a,0,file6646e082a
138,Orange,M,BD,18.0001513685478,file6646e082a,0,file6646e082a
139,Orange,M,BD,17.2103842799587,file6646e082a,0,file6646e082a
140,Orange,M,BD,15.796381588807,file6646e082a,0,file6646e082a
141,Orange,M,BD,20.2542350039221,file6646e082a,0,file6646e082a
142,Orange,M,BD,17.769486810621,file6646e082a,0,file6646e082a
143,Orange,M,BD,21.5630278800561,file6646e082a,0,file6646e082a
144,Orange,M,BD,20.7204800410453,file6646e082a,0,file6646e082a
145,Orange,M,BD,18.6692272500061,file6646e082a,0,file6646e082a
146,Orange,M,BD,18.9003939028526,file6646e082a,0,file6646e082a
147,Orange,M,BD,24.4444848976558,file6646e082a,0,file6646e082a
148,Orange,M,BD,20.0042645470427,file6646e082a,0,file6646e082a
149,Orange,M,BD,21.9743271031844,file6646e082a,0,file6646e082a
150,Orange,M,BD,24.7141569016218,file6646e082a,0,file6646e082a
151,Orange,F,BD,10.5500154581145,file6646e082a,0,file6646e082a
152,Orange,F,BD,10.9402102581493,file6646e082a,0,file6646e082a
153,Orange,F,BD,10.8969012020818,file6646e082a,0,file6646e082a
154,Orange,F,BD,12.1741252496718,file6646e082a,0,file6646e082a
155,Orange,F,BD,10.8536971980615,file6646e082a,0,file6646e082a
156,Orange,F,BD,12.6264792295112,file6646e082a,0,file6646e082a
157,Orange,F,BD,14.3330358699213,file6646e082a,0,file6646e082a
158,Orange,F,BD,11.156017417411,file6646e082a,0,file6646e082a
159,Orange,F,BD,13.1301539504277,file6646e082a,0,file6646e082a
160,Orange,F,BD,13.8408254575032,file6646e082a,0,file6646e082a
161,Orange,F,BD,12.4739488331799,file6646e082a,0,file6646e082a
162,Orange,F,BD,16.4107907171696,file6646e082a,0,file6646e082a
163,Orange,F,BD,14.2252324548687,file6646e082a,0,file6646e082a
164,Orange,F,BD,15.4827402671292,file6646e082a,0,file6646e082a
165,Orange,F,BD,15.9509774271943,file6646e082a,0,file6646e082a
166,Orange,F,BD,15.3493662303921,file6646e082a,0,file6646e082a
167,Orange,F,BD,13.9272027312807,file6646e082a,0,file6646e082a
168,Orange,F,BD,11.7044570892776,file6646e082a,0,file6646e082a
169,Orange,F,BD,12.5772367515151,file6646e082a,0,file6646e082a
170,Orange,F,BD,14.7445018947142,file6646e082a,0,file6646e082a
171,Orange,F,BD,13.1797310392368,file6646e082a,0,file6646e082a
172,Orange,F,BD,16.6042019952828,file6646e082a,0,file6646e082a
173,Orange,F,BD,16.5174727818444,file6646e082a,0,file6646e082a
174,Orange,F,BD,15.5291813575415,file6646e082a,0,file6646e082a
175,Orange,F,BD,14.658124340952,file6646e082a,0,file6646e082a
176,Orange,F,BD,15.3743675269441,file6646e082a,0,file6646e082a
177,Orange,F,BD,13.764439348542,file6646e082a,0,file6646e082a
178,Orange,F,BD,17.2096489192535,file6646e082a,0,file6646e082a
179,Orange,F,BD,16.3636188413615,file6646e082a,0,file6646e082a
180,Orange,F,BD,17.6962686824768,file6646e082a,0,file6646e082a
181,Orange,F,BD,13.3519946736638,file6646e082a,0,file6646e082a
182,Orange,F,BD,16.1246427712456,file6646e082a,0,file6646e082a
183,Orange,F,BD,16.6618018131719,file6646e082a,0,file6646e082a
184,Orange,F,BD,15.9903112454055,file6646e082a,0,file6646e082a
185,Orange,F,BD,17.2655117037414,file6646e082a,0,file6646e082a
186,Orange,F,BD,19.4903012418129,file6646e082a,0,file6646e082a
187,Orange,F,BD,19.244908965628,file6646e082a,0,file6646e082a
188,Orange,F,BD,18.0895956929021,file6646e082a,0,file6646e082a
189,Orange,F,BD,19.7812502694908,file6646e082a,0,file6646e082a
190,Orange,F,BD,19.6455483387865,file6646e082a,0,file6646e082a
191,Orange,F,BD,18.445262731113,file6646e082a,0,file6646e082a
192,Orange,F,BD,16.8710018336931,file6646e082a,0,file6646e082a
193,Orange,F,BD,18.3817734192653,file6646e082a,0,file6646e082a
194,Orange,F,BD,16.8802175921031,file6646e082a,0,file6646e082a
195,Orange,F,BD,22.1521068486719,file6646e082a,0,file6646e082a
196,Orange,F,BD,21.6666655555155,file6646e082a,0,file6646e082a
197,Orange,F,BD,20.4017842122515,file6646e082a,0,file6646e082a
198,Orange,F,BD,17.0961695529188,file6646e082a,0,file6646e082a
199,Orange,F,BD,21.2979369224238,file6646e082a,0,file6646e082a
200,Orange,F,BD,20.9026946720775,file6646e082a,0,file6646e082a
