{"kind":"TableSchema","id":"cade6e31444e560e1eb99616b90682d0","isDeleted":false,"rev":"2-b4afebdb3a7a55bc3e595c3f401de71e","description":"","name":"Crabs DataB.csv","createdBy":"test","acl":{"kind":"Acl","owner":"test","aces":[]},"createdDate":{"kind":"Date","value":"2023-09-12T14:02:05.184911Z"},"lastModifiedDate":{"kind":"Date","value":"2023-09-12T14:02:05.184911Z"},"urls":[],"tags":[],"meta":[],"url":{"kind":"Url","uri":""},"version":"","authors":[],"isPublic":false,"projectId":"2aa4e5e69e49703961f2af4c5e000dd1","folderId":"","nRows":1000,"columns":[{"kind":"ColumnSchema","id":"9fda8302-b316-4753-ba29-a9a4eebcae0e","name":"observation","type":"double","nRows":0,"size":-1,"metaData":{"kind":"ColumnSchemaMetaData","sort":[],"ascending":true,"quartiles":[],"properties":[]}},{"kind":"ColumnSchema","id":"6bc3fb63-26c7-4085-80b8-1dfea9c36cf9","name":"color","type":"string","nRows":0,"size":-1,"metaData":{"kind":"ColumnSchemaMetaData","sort":[],"ascending":true,"quartiles":[],"properties":[]}},{"kind":"ColumnSchema","id":"b08f7d37-a20b-4148-b7ee-1f7d52e9de02","name":"sex","type":"string","nRows":0,"size":-1,"metaData":{"kind":"ColumnSchemaMetaData","sort":[],"ascending":true,"quartiles":[],"properties":[]}},{"kind":"ColumnSchema","id":"d58067e4-65b6-42b7-b40d-3007cc606a21","name":"variable","type":"string","nRows":0,"size":-1,"metaData":{"kind":"ColumnSchemaMetaData","sort":[],"ascending":true,"quartiles":[],"properties":[]}},{"kind":"ColumnSchema","id":"69a9fd3d-6e69-4385-a4e4-1224fb46e0b9","name":"measurement","type":"double","nRows":0,"size":-1,"metaData":{"kind":"ColumnSchemaMetaData","sort":[],"ascending":true,"quartiles":[],"properties":[]}},{"kind":"ColumnSchema","id":"f8062bfd-f939-40e3-8b5b-6f11224f3cc2","name":"filename","type":"string","nRows":0,"size":-1,"metaData":{"kind":"ColumnSchemaMetaData","sort":[],"ascending":true,"quartiles":[],"properties":[]}},{"kind":"ColumnSchema","id":"00b29591-0b98-4d7a-b235-10eba9fe9394","name":"filename_of_zip","type":"string","nRows":0,"size":-1,"metaData":{"kind":"ColumnSchemaMetaData","sort":[],"ascending":true,"quartiles":[],"properties":[]}}],"dataDirectory":"default/79/64/6479bad29aa745e9850d24f7d660e289","relation":{"kind":"Relation","id":"47be176a-7605-4fc1-9963-3b7d0ec6db04"}}