{
  "kind": "Workflow",
  "id": "b4faa8cefdaf5ea8831fe103c403e290",
  "isDeleted": false,
  "rev": "2-f2a9d43c72d20daf2d68d814cf93eefb",
  "description": "",
  "name": "simple_template_mean_2",
  "createdBy": "test",
  "acl": {
    "kind": "Acl",
    "owner": "test",
    "aces": []
  },
  "createdDate": {
    "kind": "Date",
    "value": "2023-09-07T18:09:20.191433Z"
  },
  "lastModifiedDate": {
    "kind": "Date",
    "value": "2023-09-07T18:09:20.231588Z"
  },
  "urls": [],
  "tags": [],
  "meta": [],
  "url": {
    "kind": "Url",
    "uri": ""
  },
  "version": "",
  "authors": [],
  "isPublic": false,
  "projectId": "2aa4e5e69e49703961f2af4c5e000dd1",
  "folderId": "",
  "links": [
    {
      "kind": "Link",
      "id": "8f60692a-2c83-4102-b1a0-2ceae8853592",
      "inputId": "6c365f03-a81d-4130-94f4-f6f66fcfce3c-i-0",
      "outputId": "3bf7a5fa-7c0c-463a-b198-7d6259822f7c-o-0"
    }
  ],
  "steps": [
    {
      "kind": "TableStep",
      "id": "3bf7a5fa-7c0c-463a-b198-7d6259822f7c",
      "groupId": "",
      "name": "Crabs Data.csv",
      "inputs": [],
      "outputs": [
        {
          "kind": "OutputPort",
          "id": "3bf7a5fa-7c0c-463a-b198-7d6259822f7c-o-0",
          "linkType": "relation",
          "name": "table"
        }
      ],
      "rectangle": {
        "kind": "Rectangle",
        "extent": {
          "kind": "Point",
          "x": 105.06367492675781,
          "y": 55.0
        },
        "topLeft": {
          "kind": "Point",
          "x": 255.505,
          "y": 122.5
        }
      },
      "state": {
        "kind": "StepState",
        "taskId": "",
        "taskState": {
          "kind": "DoneState"
        }
      },
      "model": {
        "kind": "TableStepModel",
        "relation": {
          "kind": "RenameRelation",
          "id": "rename_b4faa8cefdaf5ea8831fe103c40300b3",
          "relation": {
            "kind": "SimpleRelation",
            "id": "b4faa8cefdaf5ea8831fe103c40300b3",
            "index": 0
          },
          "inNames": [
            "observation",
            "color",
            "sex",
            "variable",
            "measurement",
            "filename",
            ".ci",
            "filename_of_zip",
            "b4faa8cefdaf5ea8831fe103c40300b3._rids",
            "b4faa8cefdaf5ea8831fe103c40300b3.tlbId"
          ],
          "outNames": [
            "observation",
            "color",
            "sex",
            "variable",
            "measurement",
            "filename",
            ".ci",
            "filename_of_zip",
            "rowId",
            "tableId"
          ]
        }
      }
    },
    {
      "kind": "DataStep",
      "id": "6c365f03-a81d-4130-94f4-f6f66fcfce3c",
      "groupId": "",
      "name": "Data step",
      "inputs": [
        {
          "kind": "InputPort",
          "id": "6c365f03-a81d-4130-94f4-f6f66fcfce3c-i-0",
          "linkType": "relation",
          "name": "data"
        }
      ],
      "outputs": [
        {
          "kind": "OutputPort",
          "id": "6c365f03-a81d-4130-94f4-f6f66fcfce3c-o-0",
          "linkType": "relation",
          "name": "data"
        }
      ],
      "rectangle": {
        "kind": "Rectangle",
        "extent": {
          "kind": "Point",
          "x": 88.99000000000001,
          "y": 55.0
        },
        "topLeft": {
          "kind": "Point",
          "x": 263.5418374633789,
          "y": 207.5
        }
      },
      "state": {
        "kind": "StepState",
        "taskId": "b4faa8cefdaf5ea8831fe103c403b87f",
        "taskState": {
          "kind": "DoneState"
        }
      },
      "model": {
        "kind": "Crosstab",
        "axis": {
          "kind": "XYAxisList",
          "rectangleSelections": [],
          "xyAxis": [
            {
              "kind": "XYAxis",
              "chart": {
                "kind": "ChartPoint",
                "name": "",
                "properties": {
                  "kind": "Properties",
                  "properties": [],
                  "propertyValues": []
                },
                "pointSize": 4
              },
              "colors": {
                "kind": "Colors",
                "factors": [],
                "palette": {
                  "kind": "CategoryPalette",
                  "backcolor": 0,
                  "properties": [],
                  "colorList": {
                    "kind": "ColorList",
                    "name": ""
                  },
                  "stringColorElements": []
                }
              },
              "errors": {
                "kind": "Errors",
                "factors": []
              },
              "labels": {
                "kind": "Labels",
                "factors": []
              },
              "xAxis": {
                "kind": "Axis",
                "axisExtent": {
                  "kind": "Point",
                  "x": 80.0,
                  "y": 30.0
                },
                "axisSettings": {
                  "kind": "AxisSettings",
                  "properties": [],
                  "propertyValues": []
                },
                "graphicalFactor": {
                  "kind": "GraphicalFactor",
                  "factor": {
                    "kind": "Factor",
                    "name": "",
                    "type": "string"
                  },
                  "rectangle": {
                    "kind": "Rectangle",
                    "extent": {
                      "kind": "Point",
                      "x": 0.0,
                      "y": 0.0
                    },
                    "topLeft": {
                      "kind": "Point",
                      "x": 0.0,
                      "y": 0.0
                    }
                  }
                }
              },
              "yAxis": {
                "kind": "Axis",
                "axisExtent": {
                  "kind": "Point",
                  "x": 80.0,
                  "y": 30.0
                },
                "axisSettings": {
                  "kind": "AxisSettings",
                  "properties": [],
                  "propertyValues": []
                },
                "graphicalFactor": {
                  "kind": "GraphicalFactor",
                  "factor": {
                    "kind": "Factor",
                    "name": "measurement",
                    "type": "double"
                  },
                  "rectangle": {
                    "kind": "Rectangle",
                    "extent": {
                      "kind": "Point",
                      "x": 0.0,
                      "y": 0.0
                    },
                    "topLeft": {
                      "kind": "Point",
                      "x": 0.0,
                      "y": 0.0
                    }
                  }
                }
              },
              "taskId": "",
              "preprocessors": []
            }
          ]
        },
        "columnTable": {
          "kind": "CrosstabTable",
          "cellSize": 250.0,
          "offset": 0,
          "graphicalFactors": [
            {
              "kind": "GraphicalFactor",
              "factor": {
                "kind": "Factor",
                "name": "",
                "type": "string"
              },
              "rectangle": {
                "kind": "Rectangle",
                "extent": {
                  "kind": "Point",
                  "x": 0.0,
                  "y": 0.0
                },
                "topLeft": {
                  "kind": "Point",
                  "x": 0.0,
                  "y": 0.0
                }
              }
            }
          ],
          "rectangleSelections": [],
          "nRows": 1
        },
        "filters": {
          "kind": "Filters",
          "removeNaN": true,
          "namedFilters": []
        },
        "operatorSettings": {
          "kind": "OperatorSettings",
          "namespace": "ds0",
          "operatorRef": {
            "kind": "OperatorRef",
            "name": "Mean",
            "version": "1.2.0",
            "operatorId": "a53cbd529a1dbd5ef40a13e9b100b43d",
            "operatorKind": "ROperator",
            "propertyValues": [],
            "url": {
              "kind": "Url",
              "uri": "https://github.com/tercen/mean_operator"
            }
          },
          "environment": [],
          "operatorModel": {
            "kind": "OperatorModel"
          }
        },
        "rowTable": {
          "kind": "CrosstabTable",
          "cellSize": 250.0,
          "offset": 0,
          "graphicalFactors": [
            {
              "kind": "GraphicalFactor",
              "factor": {
                "kind": "Factor",
                "name": "",
                "type": "string"
              },
              "rectangle": {
                "kind": "Rectangle",
                "extent": {
                  "kind": "Point",
                  "x": 0.0,
                  "y": 0.0
                },
                "topLeft": {
                  "kind": "Point",
                  "x": 0.0,
                  "y": 0.0
                }
              }
            }
          ],
          "rectangleSelections": [],
          "nRows": 1
        },
        "taskId": ""
      },
      "computedRelation": {
        "kind": "CompositeRelation",
        "id": "c4ae96b0-08b1-471f-be39-eaaa5e3afffa",
        "joinOperators": [
          {
            "kind": "JoinOperator",
            "joinType": "",
            "leftPair": {
              "kind": "ColumnPair",
              "lColumns": [],
              "rColumns": []
            },
            "rightRelation": {
              "kind": "SimpleRelation",
              "id": "b4faa8cefdaf5ea8831fe103c403b454",
              "index": 0
            }
          }
        ],
        "mainRelation": {
          "kind": "Relation",
          "id": "703a94e1-abcc-4acb-9701-4991567e552e"
        }
      },
      "parentDataStepId": ""
    }
  ],
  "offset": {
    "kind": "Point",
    "x": 0.0,
    "y": 0.0
  }
}