{"kind":"ComputedTableSchema","id":"b4faa8cefdaf5ea8831fe103c403b454","isDeleted":false,"rev":"1-8eed360cb31db11a770c215b865747cd","description":"","name":"","createdBy":"test","acl":{"kind":"Acl","owner":"test","aces":[]},"createdDate":{"kind":"Date","value":"2023-09-07T18:09:20.191433Z"},"lastModifiedDate":{"kind":"Date","value":"2023-09-07T18:09:20.191433Z"},"urls":[],"tags":[],"meta":[],"url":{"kind":"Url","uri":""},"version":"","authors":[],"isPublic":false,"projectId":"2aa4e5e69e49703961f2af4c5e000dd1","folderId":"","nRows":1,"columns":[{"kind":"ColumnSchema","id":"f92e46c2-404b-4a8f-909d-f0439bbe3fb4","name":"ds0.mean","type":"double","nRows":0,"size":-1,"metaData":{"kind":"ColumnSchemaMetaData","sort":[],"ascending":true,"quartiles":[],"properties":[]}}],"dataDirectory":"default/bd/d4/d4bde3013059464696754014260724e0","relation":{"kind":"Relation","id":"58babcf0-6086-4590-a23e-14d4eeacbf55"},"query":{"kind":"CubeQuery","relation":{"kind":"RenameRelation","id":"3aafeaa6-2c4a-44c9-b086-1c8bb019575b","relation":{"kind":"SimpleRelation","id":"b4faa8cefdaf5ea8831fe103c40300b3","index":0},"inNames":["observation","color","sex","variable","measurement","filename",".ci","filename_of_zip","b4faa8cefdaf5ea8831fe103c40300b3._rids","b4faa8cefdaf5ea8831fe103c40300b3.tlbId"],"outNames":["observation","color","sex","variable","measurement","filename",".ci","filename_of_zip","rowId","tableId"]},"colColumns":[],"rowColumns":[],"axisQueries":[{"kind":"CubeAxisQuery","pointSize":4,"chartType":"point","yAxis":{"kind":"Factor","name":"measurement","type":"double"},"yAxisSettings":{"kind":"AxisSettings","properties":[],"propertyValues":[]},"xAxis":{"kind":"Factor","name":"","type":"string"},"xAxisSettings":{"kind":"AxisSettings","properties":[],"propertyValues":[]},"errors":[],"labels":[],"colors":[],"preprocessors":[]}],"filters":{"kind":"Filters","removeNaN":true,"namedFilters":[]},"operatorSettings":{"kind":"OperatorSettings","namespace":"ds0","operatorRef":{"kind":"OperatorRef","name":"Mean","version":"1.2.0","operatorId":"a53cbd529a1dbd5ef40a13e9b100b43d","operatorKind":"ROperator","propertyValues":[],"url":{"kind":"Url","uri":"https://github.com/tercen/mean_operator"}},"environment":[],"operatorModel":{"kind":"OperatorModel"}},"qtHash":"b4faa8cefdaf5ea8831fe103c403c946","columnHash":"b4faa8cefdaf5ea8831fe103c403d311","rowHash":"b4faa8cefdaf5ea8831fe103c403d80a"}}