{"kind":"ComputedTableSchema","id":"4ab697ac5fee344b8b1297f3c6027a05","isDeleted":false,"rev":"1-60c9954befa35d986c5e54708e706e5d","description":"","name":"","createdBy":"test","acl":{"kind":"Acl","owner":"test","aces":[]},"createdDate":{"kind":"Date","value":"2023-09-05T12:57:30.159817Z"},"lastModifiedDate":{"kind":"Date","value":"2023-09-05T12:57:30.159817Z"},"urls":[],"tags":[],"meta":[],"url":{"kind":"Url","uri":""},"version":"","authors":[],"isPublic":false,"projectId":"2aa4e5e69e49703961f2af4c5e000dd1","folderId":"","nRows":4,"columns":[{"kind":"ColumnSchema","id":"bd886303-f1c1-406c-b58a-2e70d5bdd567","name":".ci","type":"int32","nRows":0,"size":-1,"metaData":{"kind":"ColumnSchemaMetaData","sort":[],"ascending":true,"quartiles":[],"properties":[]}},{"kind":"ColumnSchema","id":"b684d1d8-a4ce-43cc-9b4e-e8580a5d5641","name":".ri","type":"int32","nRows":0,"size":-1,"metaData":{"kind":"ColumnSchemaMetaData","sort":[],"ascending":true,"quartiles":[],"properties":[]}},{"kind":"ColumnSchema","id":"7a3ff61f-8501-47e7-a46b-0373da15d6a0","name":"ds0.median","type":"double","nRows":0,"size":-1,"metaData":{"kind":"ColumnSchemaMetaData","sort":[],"ascending":true,"quartiles":[],"properties":[]}}],"dataDirectory":"default/b3/99/99b338e84a4844a1a6647ffe6c079024","relation":{"kind":"Relation","id":"f48fa7dc-001a-4f60-9a15-df52842d9ae4"},"query":{"kind":"CubeQuery","relation":{"kind":"RenameRelation","id":"009e2268-1b96-4b10-ba5b-8dde582c34c3","relation":{"kind":"SimpleRelation","id":"4ab697ac5fee344b8b1297f3c6001fa2","index":0},"inNames":["observation","color","sex","variable","measurement","filename",".ci","filename_of_zip","4ab697ac5fee344b8b1297f3c6001fa2._rids","4ab697ac5fee344b8b1297f3c6001fa2.tlbId"],"outNames":["observation","color","sex","variable","measurement","filename",".ci","filename_of_zip","rowId","tableId"]},"colColumns":[{"kind":"Factor","name":"color","type":"string"}],"rowColumns":[{"kind":"Factor","name":"sex","type":"string"}],"axisQueries":[{"kind":"CubeAxisQuery","pointSize":4,"chartType":"point","yAxis":{"kind":"Factor","name":"measurement","type":"double"},"yAxisSettings":{"kind":"AxisSettings","properties":[],"propertyValues":[]},"xAxis":{"kind":"Factor","name":"","type":"string"},"xAxisSettings":{"kind":"AxisSettings","properties":[],"propertyValues":[]},"errors":[],"labels":[],"colors":[],"preprocessors":[]}],"filters":{"kind":"Filters","removeNaN":true,"namedFilters":[]},"operatorSettings":{"kind":"OperatorSettings","namespace":"ds0","operatorRef":{"kind":"OperatorRef","name":"Median","version":"1.1.0","operatorId":"4ab697ac5fee344b8b1297f3c602199f","operatorKind":"ROperator","propertyValues":[],"url":{"kind":"Url","uri":"https://github.com/tercen/median_operator"}},"environment":[],"operatorModel":{"kind":"OperatorModel"}},"qtHash":"4ab697ac5fee344b8b1297f3c602429e","columnHash":"4ab697ac5fee344b8b1297f3c602456c","rowHash":"4ab697ac5fee344b8b1297f3c6024bd8"}}