{"kind":"CubeQueryTableSchema","id":"cade6e31444e560e1eb99616b9007606","isDeleted":false,"rev":"1-af7079ea4dcc12e60b90701860f75018","description":"","name":"row","createdBy":"test","acl":{"kind":"Acl","owner":"test","aces":[]},"createdDate":{"kind":"Date","value":"2023-09-12T12:48:45.020371Z"},"lastModifiedDate":{"kind":"Date","value":"2023-09-12T12:48:45.020371Z"},"urls":[],"tags":[],"meta":[{"kind":"Pair","key":"sex.size_in_bytes","value":"112"}],"url":{"kind":"Url","uri":""},"version":"","authors":[],"isPublic":false,"projectId":"2aa4e5e69e49703961f2af4c5e000dd1","folderId":"","nRows":2,"columns":[{"kind":"ColumnSchema","id":"f9d48cd4-1217-4240-9600-f23834af110a","name":"sex","type":"string","nRows":0,"size":-1,"metaData":{"kind":"ColumnSchemaMetaData","sort":[],"ascending":true,"quartiles":[],"properties":[]}}],"dataDirectory":"default/c1/0e/0ec134c8a3d54a97b52a31482565f7bb","relation":{"kind":"Relation","id":"3d5459c4-f40a-4760-ad24-7e41ba890524"},"queryHash":"cade6e31444e560e1eb99616b9007606","queryTableType":"row","query":{"kind":"CubeQuery","relation":{"kind":"Relation","id":"6ada9e90-bb60-4cfa-bd48-8a51beb55f83"},"colColumns":[],"rowColumns":[],"axisQueries":[],"filters":{"kind":"Filters","removeNaN":true,"namedFilters":[]},"operatorSettings":{"kind":"OperatorSettings","namespace":"","operatorRef":{"kind":"OperatorRef","name":"","version":"","operatorId":"","operatorKind":"","propertyValues":[],"url":{"kind":"Url","uri":""}},"environment":[],"operatorModel":{"kind":"OperatorModel"}},"qtHash":"","columnHash":"","rowHash":""}}