{"kind":"ComputedTableSchema","id":"cade6e31444e560e1eb99616b904e5f7","isDeleted":false,"rev":"1-f5f1e87bf42defd4a605a423be1633e5","description":"","name":"","createdBy":"test","acl":{"kind":"Acl","owner":"test","aces":[]},"createdDate":{"kind":"Date","value":"2023-09-12T13:57:15.328935Z"},"lastModifiedDate":{"kind":"Date","value":"2023-09-12T13:57:15.328935Z"},"urls":[],"tags":[],"meta":[],"url":{"kind":"Url","uri":""},"version":"","authors":[],"isPublic":false,"projectId":"2aa4e5e69e49703961f2af4c5e000dd1","folderId":"","nRows":4,"columns":[{"kind":"ColumnSchema","id":"4199d885-76db-4073-ac63-ea0a969ab99b","name":".ci","type":"int32","nRows":0,"size":-1,"metaData":{"kind":"ColumnSchemaMetaData","sort":[],"ascending":true,"quartiles":[],"properties":[]}},{"kind":"ColumnSchema","id":"ceb20f3b-ac34-4c4c-8ee7-a951aa91ecc3","name":".ri","type":"int32","nRows":0,"size":-1,"metaData":{"kind":"ColumnSchemaMetaData","sort":[],"ascending":true,"quartiles":[],"properties":[]}},{"kind":"ColumnSchema","id":"eb10622a-ea15-49db-b7b4-c253fdb4df4f","name":"ds0.mean","type":"double","nRows":0,"size":-1,"metaData":{"kind":"ColumnSchemaMetaData","sort":[],"ascending":true,"quartiles":[],"properties":[]}}],"dataDirectory":"default/81/01/0181a950e1424e5aa02a7bda7392e178","relation":{"kind":"Relation","id":"d3d59b30-47d7-47af-9c72-3b34f81fb8b7"},"query":{"kind":"CubeQuery","relation":{"kind":"RenameRelation","id":"0697e06a-292d-454f-9c0b-622fa50113af","relation":{"kind":"SimpleRelation","id":"cade6e31444e560e1eb99616b9049584","index":0},"inNames":["observation","color","sex","variable","measurement","filename","filename_of_zip","cade6e31444e560e1eb99616b9049584._rids","cade6e31444e560e1eb99616b9049584.tlbId"],"outNames":["observation","color","sex","variable","measurement","filename","filename_of_zip","rowId","tableId"]},"colColumns":[{"kind":"Factor","name":"color","type":"string"}],"rowColumns":[{"kind":"Factor","name":"sex","type":"string"}],"axisQueries":[{"kind":"CubeAxisQuery","pointSize":4,"chartType":"point","yAxis":{"kind":"Factor","name":"measurement","type":"double"},"yAxisSettings":{"kind":"AxisSettings","properties":[],"propertyValues":[]},"xAxis":{"kind":"Factor","name":"","type":"string"},"xAxisSettings":{"kind":"AxisSettings","properties":[],"propertyValues":[]},"errors":[],"labels":[],"colors":[],"preprocessors":[]}],"filters":{"kind":"Filters","removeNaN":true,"namedFilters":[]},"operatorSettings":{"kind":"OperatorSettings","namespace":"ds0","operatorRef":{"kind":"OperatorRef","name":"Mean","version":"1.2.0","operatorId":"a53cbd529a1dbd5ef40a13e9b100b43d","operatorKind":"ROperator","propertyValues":[],"url":{"kind":"Url","uri":"https://github.com/tercen/mean_operator"}},"environment":[],"operatorModel":{"kind":"OperatorModel"}},"qtHash":"cade6e31444e560e1eb99616b904b3af","columnHash":"cade6e31444e560e1eb99616b904bed3","rowHash":"cade6e31444e560e1eb99616b904c184"}}