{"kind":"ROperator","id":"d7e399aaa62c356f00041c799206ae1b","isDeleted":false,"rev":"1-7a0522547e6879be2398dfab17da70e0","description":"Subtracts the Mean and divides by the Standard Deviation of a data set. Also called autoscaling or z-transformation.","name":"Scale","createdBy":"test","acl":{"kind":"Acl","owner":"test","aces":[]},"createdDate":{"kind":"Date","value":"2023-03-29T19:46:06.284110Z"},"lastModifiedDate":{"kind":"Date","value":"2023-03-29T19:46:06.284110Z"},"urls":[{"kind":"Url","uri":"https://github.com/tercen/scale_operator"}],"tags":["simple statistics"],"meta":[{"kind":"Pair","key":"runtime","value":"R-3.5"}],"url":{"kind":"Url","uri":"https://github.com/tercen/scale_operator"},"version":"0.10.1","authors":["tercen"],"isPublic":true,"properties":[{"kind":"BooleanProperty","name":"scale","description":"If scale is TRUE then scaling is done by dividing the (centered) row of x by their standard deviations if center is TRUE, and the root mean square otherwise. If scale is FALSE, no scaling is done.","defaultValue":true},{"kind":"BooleanProperty","name":"center","description":"If center is TRUE then centering is done by subtracting the row means (omitting NAs) of x from their corresponding columns, and if center is FALSE, no centering is done.","defaultValue":true}],"longDescription":"","path":"72/9f/9f7280b7-d789-43e4-9043-926ccd364cf1/tercen-scale_operator-6c5747c"}