{
  "kind": "Workflow",
  "id": "4ab697ac5fee344b8b1297f3c601f832",
  "isDeleted": false,
  "rev": "4-d10795fe75cc5bdfdeb4e0853a0f7510",
  "description": "",
  "name": "simple_template_median",
  "createdBy": "test",
  "acl": {
    "kind": "Acl",
    "owner": "test",
    "aces": []
  },
  "createdDate": {
    "kind": "Date",
    "value": "2023-09-05T12:55:06.166108Z"
  },
  "lastModifiedDate": {
    "kind": "Date",
    "value": "2023-09-05T12:58:03.550048Z"
  },
  "urls": [],
  "tags": [],
  "meta": [],
  "url": {
    "kind": "Url",
    "uri": ""
  },
  "version": "",
  "authors": [],
  "isPublic": false,
  "projectId": "2aa4e5e69e49703961f2af4c5e000dd1",
  "folderId": "",
  "links": [
    {
      "kind": "Link",
      "id": "92329664-bea5-44e7-b3e1-009ad73efc80",
      "inputId": "191e343e-c077-4781-9b3d-07f1138b91c4-i-0",
      "outputId": "6032b9c8-94eb-4e78-9876-f1d00fcc0b5f-o-0"
    }
  ],
  "steps": [
    {
      "kind": "TableStep",
      "id": "6032b9c8-94eb-4e78-9876-f1d00fcc0b5f",
      "groupId": "",
      "name": "Crabs Data.csv",
      "inputs": [],
      "outputs": [
        {
          "kind": "OutputPort",
          "id": "6032b9c8-94eb-4e78-9876-f1d00fcc0b5f-o-0",
          "linkType": "relation",
          "name": "table"
        }
      ],
      "rectangle": {
        "kind": "Rectangle",
        "extent": {
          "kind": "Point",
          "x": 105.06367492675781,
          "y": 55.0
        },
        "topLeft": {
          "kind": "Point",
          "x": 255.505,
          "y": 122.5
        }
      },
      "state": {
        "kind": "StepState",
        "taskId": "",
        "taskState": {
          "kind": "DoneState"
        }
      },
      "model": {
        "kind": "TableStepModel",
        "relation": {
          "kind": "RenameRelation",
          "id": "rename_4ab697ac5fee344b8b1297f3c6001fa2",
          "relation": {
            "kind": "SimpleRelation",
            "id": "4ab697ac5fee344b8b1297f3c6001fa2",
            "index": 0
          },
          "inNames": [
            "observation",
            "color",
            "sex",
            "variable",
            "measurement",
            "filename",
            ".ci",
            "filename_of_zip",
            "4ab697ac5fee344b8b1297f3c6001fa2._rids",
            "4ab697ac5fee344b8b1297f3c6001fa2.tlbId"
          ],
          "outNames": [
            "observation",
            "color",
            "sex",
            "variable",
            "measurement",
            "filename",
            ".ci",
            "filename_of_zip",
            "rowId",
            "tableId"
          ]
        }
      }
    },
    {
      "kind": "DataStep",
      "id": "191e343e-c077-4781-9b3d-07f1138b91c4",
      "groupId": "",
      "name": "Data step",
      "inputs": [
        {
          "kind": "InputPort",
          "id": "191e343e-c077-4781-9b3d-07f1138b91c4-i-0",
          "linkType": "relation",
          "name": "data"
        }
      ],
      "outputs": [
        {
          "kind": "OutputPort",
          "id": "191e343e-c077-4781-9b3d-07f1138b91c4-o-0",
          "linkType": "relation",
          "name": "data"
        }
      ],
      "rectangle": {
        "kind": "Rectangle",
        "extent": {
          "kind": "Point",
          "x": 88.99000000000001,
          "y": 55.0
        },
        "topLeft": {
          "kind": "Point",
          "x": 263.505,
          "y": 231.5
        }
      },
      "state": {
        "kind": "StepState",
        "taskId": "4ab697ac5fee344b8b1297f3c6023855",
        "taskState": {
          "kind": "DoneState"
        }
      },
      "model": {
        "kind": "Crosstab",
        "axis": {
          "kind": "XYAxisList",
          "rectangleSelections": [],
          "xyAxis": [
            {
              "kind": "XYAxis",
              "chart": {
                "kind": "ChartPoint",
                "name": "",
                "properties": {
                  "kind": "Properties",
                  "properties": [],
                  "propertyValues": []
                },
                "pointSize": 4
              },
              "colors": {
                "kind": "Colors",
                "factors": [],
                "palette": {
                  "kind": "CategoryPalette",
                  "backcolor": 0,
                  "properties": [],
                  "colorList": {
                    "kind": "ColorList",
                    "name": ""
                  },
                  "stringColorElements": []
                }
              },
              "errors": {
                "kind": "Errors",
                "factors": []
              },
              "labels": {
                "kind": "Labels",
                "factors": []
              },
              "xAxis": {
                "kind": "Axis",
                "axisExtent": {
                  "kind": "Point",
                  "x": 80.0,
                  "y": 30.0
                },
                "axisSettings": {
                  "kind": "AxisSettings",
                  "properties": [],
                  "propertyValues": []
                },
                "graphicalFactor": {
                  "kind": "GraphicalFactor",
                  "factor": {
                    "kind": "Factor",
                    "name": "",
                    "type": "string"
                  },
                  "rectangle": {
                    "kind": "Rectangle",
                    "extent": {
                      "kind": "Point",
                      "x": 0.0,
                      "y": 0.0
                    },
                    "topLeft": {
                      "kind": "Point",
                      "x": 0.0,
                      "y": 0.0
                    }
                  }
                }
              },
              "yAxis": {
                "kind": "Axis",
                "axisExtent": {
                  "kind": "Point",
                  "x": 80.0,
                  "y": 30.0
                },
                "axisSettings": {
                  "kind": "AxisSettings",
                  "properties": [],
                  "propertyValues": []
                },
                "graphicalFactor": {
                  "kind": "GraphicalFactor",
                  "factor": {
                    "kind": "Factor",
                    "name": "measurement",
                    "type": "double"
                  },
                  "rectangle": {
                    "kind": "Rectangle",
                    "extent": {
                      "kind": "Point",
                      "x": 0.0,
                      "y": 0.0
                    },
                    "topLeft": {
                      "kind": "Point",
                      "x": 0.0,
                      "y": 0.0
                    }
                  }
                }
              },
              "taskId": "",
              "preprocessors": []
            }
          ]
        },
        "columnTable": {
          "kind": "CrosstabTable",
          "cellSize": 250.0,
          "offset": 0,
          "graphicalFactors": [
            {
              "kind": "GraphicalFactor",
              "factor": {
                "kind": "Factor",
                "name": "color",
                "type": "string"
              },
              "rectangle": {
                "kind": "Rectangle",
                "extent": {
                  "kind": "Point",
                  "x": 0.0,
                  "y": 30.0
                },
                "topLeft": {
                  "kind": "Point",
                  "x": 0.0,
                  "y": 0.0
                }
              }
            }
          ],
          "rectangleSelections": [],
          "nRows": 2
        },
        "filters": {
          "kind": "Filters",
          "removeNaN": true,
          "namedFilters": []
        },
        "operatorSettings": {
          "kind": "OperatorSettings",
          "namespace": "ds0",
          "operatorRef": {
            "kind": "OperatorRef",
            "name": "Median",
            "version": "1.1.0",
            "operatorId": "4ab697ac5fee344b8b1297f3c602199f",
            "operatorKind": "ROperator",
            "propertyValues": [],
            "url": {
              "kind": "Url",
              "uri": "https://github.com/tercen/median_operator"
            }
          },
          "environment": [],
          "operatorModel": {
            "kind": "OperatorModel"
          }
        },
        "rowTable": {
          "kind": "CrosstabTable",
          "cellSize": 250.0,
          "offset": 0,
          "graphicalFactors": [
            {
              "kind": "GraphicalFactor",
              "factor": {
                "kind": "Factor",
                "name": "sex",
                "type": "string"
              },
              "rectangle": {
                "kind": "Rectangle",
                "extent": {
                  "kind": "Point",
                  "x": 80.0,
                  "y": 0.0
                },
                "topLeft": {
                  "kind": "Point",
                  "x": 0.0,
                  "y": 0.0
                }
              }
            }
          ],
          "rectangleSelections": [],
          "nRows": 2
        },
        "taskId": ""
      },
      "computedRelation": {
        "kind": "CompositeRelation",
        "id": "0987c97a-d272-4c2d-b823-519dc4ca0f60",
        "joinOperators": [
          {
            "kind": "JoinOperator",
            "joinType": "",
            "leftPair": {
              "kind": "ColumnPair",
              "lColumns": [
                "color",
                "sex"
              ],
              "rColumns": [
                "color",
                "sex"
              ]
            },
            "rightRelation": {
              "kind": "RenameRelation",
              "id": "6c604a21-e7da-4187-8ebe-c7262586c409",
              "relation": {
                "kind": "CompositeRelation",
                "id": "955d8665-3012-4c60-b723-f3e81d6af067",
                "joinOperators": [
                  {
                    "kind": "JoinOperator",
                    "joinType": "",
                    "leftPair": {
                      "kind": "ColumnPair",
                      "lColumns": [
                        ".ci"
                      ],
                      "rColumns": [
                        "4ab697ac5fee344b8b1297f3c602456c._rids"
                      ]
                    },
                    "rightRelation": {
                      "kind": "SimpleRelation",
                      "id": "4ab697ac5fee344b8b1297f3c602456c",
                      "index": 0
                    }
                  },
                  {
                    "kind": "JoinOperator",
                    "joinType": "",
                    "leftPair": {
                      "kind": "ColumnPair",
                      "lColumns": [
                        ".ri"
                      ],
                      "rColumns": [
                        "4ab697ac5fee344b8b1297f3c6024bd8._rids"
                      ]
                    },
                    "rightRelation": {
                      "kind": "SimpleRelation",
                      "id": "4ab697ac5fee344b8b1297f3c6024bd8",
                      "index": 0
                    }
                  }
                ],
                "mainRelation": {
                  "kind": "SimpleRelation",
                  "id": "4ab697ac5fee344b8b1297f3c6027a05",
                  "index": 0
                }
              },
              "inNames": [
                ".ci",
                ".ri",
                "ds0.median",
                "4ab697ac5fee344b8b1297f3c6027a05._rids",
                "4ab697ac5fee344b8b1297f3c6027a05.tlbId",
                "color",
                "4ab697ac5fee344b8b1297f3c602456c._rids",
                "4ab697ac5fee344b8b1297f3c602456c.tlbId",
                "sex",
                "4ab697ac5fee344b8b1297f3c6024bd8._rids",
                "4ab697ac5fee344b8b1297f3c6024bd8.tlbId",
                "color",
                "sex"
              ],
              "outNames": [
                ".ci",
                ".ri",
                "ds0.median",
                "4ab697ac5fee344b8b1297f3c6027a05._rids",
                "4ab697ac5fee344b8b1297f3c6027a05.tlbId",
                "color",
                "4ab697ac5fee344b8b1297f3c602456c._rids",
                "4ab697ac5fee344b8b1297f3c602456c.tlbId",
                "sex",
                "4ab697ac5fee344b8b1297f3c6024bd8._rids",
                "4ab697ac5fee344b8b1297f3c6024bd8.tlbId",
                "ds0..color",
                "ds0..sex"
              ]
            }
          }
        ],
        "mainRelation": {
          "kind": "Relation",
          "id": "2188246d-f967-4b0b-ac4f-6b87275305b4"
        }
      },
      "parentDataStepId": ""
    }
  ],
  "offset": {
    "kind": "Point",
    "x": 0.0,
    "y": 0.0
  }
}