{"kind":"ComputedTableSchema","id":"cade6e31444e560e1eb99616b90e767f","isDeleted":false,"rev":"1-06a35fde691afe6c7c6f06f60b9e5b8b","description":"","name":"","createdBy":"test","acl":{"kind":"Acl","owner":"test","aces":[]},"createdDate":{"kind":"Date","value":"2023-09-12T16:41:19.908613Z"},"lastModifiedDate":{"kind":"Date","value":"2023-09-12T16:41:19.908613Z"},"urls":[],"tags":[],"meta":[],"url":{"kind":"Url","uri":""},"version":"","authors":[],"isPublic":false,"projectId":"2aa4e5e69e49703961f2af4c5e000dd1","folderId":"","nRows":1,"columns":[{"kind":"ColumnSchema","id":"2f66706e-cb44-4391-b346-03ce6186177a","name":"ds1.scale","type":"double","nRows":0,"size":-1,"metaData":{"kind":"ColumnSchemaMetaData","sort":[],"ascending":true,"quartiles":[],"properties":[]}}],"dataDirectory":"default/6f/47/476fc2b740244327ad6381f161c9f1de","relation":{"kind":"Relation","id":"4f0f2a4d-534f-4e77-a9e6-34fb37e4392b"},"query":{"kind":"CubeQuery","relation":{"kind":"RenameRelation","id":"43804473-718e-4483-a1a8-52e12d9064ae","relation":{"kind":"CompositeRelation","id":"021a9552-7d9d-4303-99c3-54c9d9de97a5","joinOperators":[{"kind":"JoinOperator","joinType":"","leftPair":{"kind":"ColumnPair","lColumns":[".ci"],"rColumns":["cade6e31444e560e1eb99616b906ade9._rids"]},"rightRelation":{"kind":"SimpleRelation","id":"cade6e31444e560e1eb99616b906ade9","index":1}},{"kind":"JoinOperator","joinType":"","leftPair":{"kind":"ColumnPair","lColumns":[".ri"],"rColumns":["cade6e31444e560e1eb99616b906ae5a._rids"]},"rightRelation":{"kind":"SimpleRelation","id":"cade6e31444e560e1eb99616b906ae5a","index":2}}],"mainRelation":{"kind":"SimpleRelation","id":"cade6e31444e560e1eb99616b906c938","index":0}},"inNames":[".ci",".ri","ds0.mean","cade6e31444e560e1eb99616b906c938._rids","cade6e31444e560e1eb99616b906c938.tlbId","color","cade6e31444e560e1eb99616b906ade9._rids","cade6e31444e560e1eb99616b906ade9.tlbId","sex","cade6e31444e560e1eb99616b906ae5a._rids","cade6e31444e560e1eb99616b906ae5a.tlbId","color","sex"],"outNames":[".ci",".ri","ds0.mean","cade6e31444e560e1eb99616b906c938._rids","cade6e31444e560e1eb99616b906c938.tlbId","color","cade6e31444e560e1eb99616b906ade9._rids","cade6e31444e560e1eb99616b906ade9.tlbId","sex","cade6e31444e560e1eb99616b906ae5a._rids","cade6e31444e560e1eb99616b906ae5a.tlbId","ds0..color","ds0..sex"]},"colColumns":[],"rowColumns":[],"axisQueries":[{"kind":"CubeAxisQuery","pointSize":4,"chartType":"point","yAxis":{"kind":"Factor","name":"ds0.mean","type":"double"},"yAxisSettings":{"kind":"AxisSettings","properties":[],"propertyValues":[]},"xAxis":{"kind":"Factor","name":"","type":"string"},"xAxisSettings":{"kind":"AxisSettings","properties":[],"propertyValues":[]},"errors":[],"labels":[],"colors":[],"preprocessors":[]}],"filters":{"kind":"Filters","removeNaN":true,"namedFilters":[]},"operatorSettings":{"kind":"OperatorSettings","namespace":"ds1","operatorRef":{"kind":"OperatorRef","name":"Scale","version":"0.10.1","operatorId":"d7e399aaa62c356f00041c799206ae1b","operatorKind":"ROperator","propertyValues":[{"kind":"PropertyValue","name":"scale","value":"true"},{"kind":"PropertyValue","name":"center","value":"true"}],"url":{"kind":"Url","uri":"https://github.com/tercen/scale_operator"}},"environment":[],"operatorModel":{"kind":"OperatorModel"}},"qtHash":"cade6e31444e560e1eb99616b90e4ffc","columnHash":"cade6e31444e560e1eb99616b90e5db5","rowHash":"cade6e31444e560e1eb99616b90e68a0"}}