{"kind":"CubeQueryTableSchema","id":"cade6e31444e560e1eb99616b906ae5a","isDeleted":false,"rev":"1-66d4bc2ca3776bbc9b9c465a2df1f09f","description":"","name":"row","createdBy":"test","acl":{"kind":"Acl","owner":"test","aces":[]},"createdDate":{"kind":"Date","value":"2023-09-12T14:02:11.567039Z"},"lastModifiedDate":{"kind":"Date","value":"2023-09-12T14:02:11.567039Z"},"urls":[],"tags":[],"meta":[{"kind":"Pair","key":"sex.size_in_bytes","value":"112"}],"url":{"kind":"Url","uri":""},"version":"","authors":[],"isPublic":false,"projectId":"2aa4e5e69e49703961f2af4c5e000dd1","folderId":"","nRows":2,"columns":[{"kind":"ColumnSchema","id":"f3257a9b-3f23-4175-9635-1275c3e49db3","name":"sex","type":"string","nRows":0,"size":-1,"metaData":{"kind":"ColumnSchemaMetaData","sort":[],"ascending":true,"quartiles":[],"properties":[]}}],"dataDirectory":"default/5f/aa/aa5f73b4909a4023863b7bd95ff8e7a7","relation":{"kind":"Relation","id":"5aa5c88e-e11b-4fea-bc8b-2a1173319ce0"},"queryHash":"cade6e31444e560e1eb99616b906ae5a","queryTableType":"row","query":{"kind":"CubeQuery","relation":{"kind":"Relation","id":"c7e7314b-aee9-455e-acc5-8de2c88e5fc3"},"colColumns":[],"rowColumns":[],"axisQueries":[],"filters":{"kind":"Filters","removeNaN":true,"namedFilters":[]},"operatorSettings":{"kind":"OperatorSettings","namespace":"","operatorRef":{"kind":"OperatorRef","name":"","version":"","operatorId":"","operatorKind":"","propertyValues":[],"url":{"kind":"Url","uri":""}},"environment":[],"operatorModel":{"kind":"OperatorModel"}},"qtHash":"","columnHash":"","rowHash":""}}