{"kind":"ROperator","id":"26de5ac41d7c8df655f7dd2564005960","isDeleted":false,"rev":"1-a54f3ca4f7d23225c5f73d018ccbcfcd","description":"Count the number of data points per cell","name":"Count","createdBy":"admin","acl":{"kind":"Acl","owner":"test","aces":[]},"createdDate":{"kind":"Date","value":"2023-04-28T12:12:56.799336Z"},"lastModifiedDate":{"kind":"Date","value":"2023-04-28T12:12:56.799336Z"},"urls":[{"kind":"Url","uri":"https://github.com/tercen/count_operator"}],"tags":["basic statistics"],"meta":[{"kind":"Pair","key":"runtime","value":"R-4.0"}],"url":{"kind":"Url","uri":"https://github.com/tercen/count_operator"},"version":"0.11.1","authors":["tercen"],"isPublic":true,"properties":[],"longDescription":"","path":"df/c1/c1dfa278-c621-40f3-b906-2fa345eced7c/tercen-count_operator-9419391"}