{"kind":"ComputedTableSchema","id":"cade6e31444e560e1eb99616b913b5db","isDeleted":false,"rev":"1-10e1f34a05fe50ae9ff1ab6c65b0bed0","description":"","name":"","createdBy":"test","acl":{"kind":"Acl","owner":"test","aces":[]},"createdDate":{"kind":"Date","value":"2023-09-12T17:26:18.149614Z"},"lastModifiedDate":{"kind":"Date","value":"2023-09-12T17:26:18.149614Z"},"urls":[],"tags":[],"meta":[],"url":{"kind":"Url","uri":""},"version":"","authors":[],"isPublic":false,"projectId":"2aa4e5e69e49703961f2af4c5e000dd1","folderId":"","nRows":1,"columns":[{"kind":"ColumnSchema","id":"a8a5d662-6708-4984-a524-0b1611ffe7e4","name":"ds1.count","type":"double","nRows":0,"size":-1,"metaData":{"kind":"ColumnSchemaMetaData","sort":[],"ascending":true,"quartiles":[],"properties":[]}}],"dataDirectory":"default/61/97/97614679d85347028ea8db7ddc5f1296","relation":{"kind":"Relation","id":"d1a36a6b-e2a1-4ef3-a648-2c366a8c324b"},"query":{"kind":"CubeQuery","relation":{"kind":"RenameRelation","id":"cfd74abe-8291-40fc-a405-5ef76a460471","relation":{"kind":"CompositeRelation","id":"22876ce1-9526-4030-b02b-63326c382b11","joinOperators":[{"kind":"JoinOperator","joinType":"","leftPair":{"kind":"ColumnPair","lColumns":[".ci"],"rColumns":["cade6e31444e560e1eb99616b906ade9._rids"]},"rightRelation":{"kind":"SimpleRelation","id":"cade6e31444e560e1eb99616b906ade9","index":1}},{"kind":"JoinOperator","joinType":"","leftPair":{"kind":"ColumnPair","lColumns":[".ri"],"rColumns":["cade6e31444e560e1eb99616b906ae5a._rids"]},"rightRelation":{"kind":"SimpleRelation","id":"cade6e31444e560e1eb99616b906ae5a","index":2}}],"mainRelation":{"kind":"SimpleRelation","id":"cade6e31444e560e1eb99616b906c938","index":0}},"inNames":[".ci",".ri","ds0.mean","cade6e31444e560e1eb99616b906c938._rids","cade6e31444e560e1eb99616b906c938.tlbId","color","cade6e31444e560e1eb99616b906ade9._rids","cade6e31444e560e1eb99616b906ade9.tlbId","sex","cade6e31444e560e1eb99616b906ae5a._rids","cade6e31444e560e1eb99616b906ae5a.tlbId","color","sex"],"outNames":[".ci",".ri","ds0.mean","cade6e31444e560e1eb99616b906c938._rids","cade6e31444e560e1eb99616b906c938.tlbId","color","cade6e31444e560e1eb99616b906ade9._rids","cade6e31444e560e1eb99616b906ade9.tlbId","sex","cade6e31444e560e1eb99616b906ae5a._rids","cade6e31444e560e1eb99616b906ae5a.tlbId","ds0..color","ds0..sex"]},"colColumns":[],"rowColumns":[],"axisQueries":[{"kind":"CubeAxisQuery","pointSize":4,"chartType":"point","yAxis":{"kind":"Factor","name":"ds0.mean","type":"double"},"yAxisSettings":{"kind":"AxisSettings","properties":[],"propertyValues":[]},"xAxis":{"kind":"Factor","name":"","type":"string"},"xAxisSettings":{"kind":"AxisSettings","properties":[],"propertyValues":[]},"errors":[],"labels":[],"colors":[],"preprocessors":[]}],"filters":{"kind":"Filters","removeNaN":true,"namedFilters":[]},"operatorSettings":{"kind":"OperatorSettings","namespace":"ds1","operatorRef":{"kind":"OperatorRef","name":"Count","version":"0.11.1","operatorId":"26de5ac41d7c8df655f7dd2564005960","operatorKind":"ROperator","propertyValues":[],"url":{"kind":"Url","uri":"https://github.com/tercen/count_operator"}},"environment":[],"operatorModel":{"kind":"OperatorModel"}},"qtHash":"cade6e31444e560e1eb99616b9139330","columnHash":"cade6e31444e560e1eb99616b9139582","rowHash":"cade6e31444e560e1eb99616b9139f56"}}