{"kind":"ComputedTableSchema","id":"4ab697ac5fee344b8b1297f3c601ab13","isDeleted":false,"rev":"1-e576691d5271c2c7b68f3648024ebba8","description":"","name":"","createdBy":"test","acl":{"kind":"Acl","owner":"test","aces":[]},"createdDate":{"kind":"Date","value":"2023-09-05T12:54:48.251385Z"},"lastModifiedDate":{"kind":"Date","value":"2023-09-05T12:54:48.251385Z"},"urls":[],"tags":[],"meta":[],"url":{"kind":"Url","uri":""},"version":"","authors":[],"isPublic":false,"projectId":"2aa4e5e69e49703961f2af4c5e000dd1","folderId":"","nRows":4,"columns":[{"kind":"ColumnSchema","id":"ed7d935c-9938-4c7b-a54b-dcf4364aaaab","name":".ci","type":"int32","nRows":0,"size":-1,"metaData":{"kind":"ColumnSchemaMetaData","sort":[],"ascending":true,"quartiles":[],"properties":[]}},{"kind":"ColumnSchema","id":"6bbb931c-cbe2-47bd-b2b2-e8cd6e097c5b","name":".ri","type":"int32","nRows":0,"size":-1,"metaData":{"kind":"ColumnSchemaMetaData","sort":[],"ascending":true,"quartiles":[],"properties":[]}},{"kind":"ColumnSchema","id":"7f3ca8b9-fb4e-4c03-ad20-3fad1cfc1076","name":"ds0.mean","type":"double","nRows":0,"size":-1,"metaData":{"kind":"ColumnSchemaMetaData","sort":[],"ascending":true,"quartiles":[],"properties":[]}}],"dataDirectory":"default/26/32/32260f012ef2437e8776cd2cf932e91a","relation":{"kind":"Relation","id":"2763b2b6-d688-4784-9a20-25e4ec99729b"},"query":{"kind":"CubeQuery","relation":{"kind":"RenameRelation","id":"461fc052-2bd3-4ee3-b10a-301198e09a26","relation":{"kind":"SimpleRelation","id":"4ab697ac5fee344b8b1297f3c6001fa2","index":0},"inNames":["observation","color","sex","variable","measurement","filename",".ci","filename_of_zip","4ab697ac5fee344b8b1297f3c6001fa2._rids","4ab697ac5fee344b8b1297f3c6001fa2.tlbId"],"outNames":["observation","color","sex","variable","measurement","filename",".ci","filename_of_zip","rowId","tableId"]},"colColumns":[{"kind":"Factor","name":"color","type":"string"}],"rowColumns":[{"kind":"Factor","name":"sex","type":"string"}],"axisQueries":[{"kind":"CubeAxisQuery","pointSize":4,"chartType":"point","yAxis":{"kind":"Factor","name":"measurement","type":"double"},"yAxisSettings":{"kind":"AxisSettings","properties":[],"propertyValues":[]},"xAxis":{"kind":"Factor","name":"","type":"string"},"xAxisSettings":{"kind":"AxisSettings","properties":[],"propertyValues":[]},"errors":[],"labels":[],"colors":[],"preprocessors":[]}],"filters":{"kind":"Filters","removeNaN":true,"namedFilters":[]},"operatorSettings":{"kind":"OperatorSettings","namespace":"ds0","operatorRef":{"kind":"OperatorRef","name":"Mean","version":"1.2.0","operatorId":"a53cbd529a1dbd5ef40a13e9b100b43d","operatorKind":"ROperator","propertyValues":[],"url":{"kind":"Url","uri":"https://github.com/tercen/mean_operator"}},"environment":[],"operatorModel":{"kind":"OperatorModel"}},"qtHash":"4ab697ac5fee344b8b1297f3c601736b","columnHash":"4ab697ac5fee344b8b1297f3c6017f23","rowHash":"4ab697ac5fee344b8b1297f3c6018a66"}}