{"kind":"CubeQueryTableSchema","id":"cade6e31444e560e1eb99616b906ade9","isDeleted":false,"rev":"1-d481d7e8d0fb8496810ba92e0402c2fb","description":"","name":"column","createdBy":"test","acl":{"kind":"Acl","owner":"test","aces":[]},"createdDate":{"kind":"Date","value":"2023-09-12T14:02:11.567008Z"},"lastModifiedDate":{"kind":"Date","value":"2023-09-12T14:02:11.567008Z"},"urls":[],"tags":[],"meta":[{"kind":"Pair","key":"color.size_in_bytes","value":"120"}],"url":{"kind":"Url","uri":""},"version":"","authors":[],"isPublic":false,"projectId":"2aa4e5e69e49703961f2af4c5e000dd1","folderId":"","nRows":2,"columns":[{"kind":"ColumnSchema","id":"2957232c-7aef-4ecc-8b5c-4e94b01e8b9f","name":"color","type":"string","nRows":0,"size":-1,"metaData":{"kind":"ColumnSchemaMetaData","sort":[],"ascending":true,"quartiles":[],"properties":[]}}],"dataDirectory":"default/15/64/64154ae1d3394833ae3af25755bea2b6","relation":{"kind":"Relation","id":"c83bd586-3e83-4b67-8d62-b0dd595dd0c4"},"queryHash":"cade6e31444e560e1eb99616b906ade9","queryTableType":"column","query":{"kind":"CubeQuery","relation":{"kind":"Relation","id":"6c8ff479-28e9-4969-8fe8-2b6ad5790034"},"colColumns":[],"rowColumns":[],"axisQueries":[],"filters":{"kind":"Filters","removeNaN":true,"namedFilters":[]},"operatorSettings":{"kind":"OperatorSettings","namespace":"","operatorRef":{"kind":"OperatorRef","name":"","version":"","operatorId":"","operatorKind":"","propertyValues":[],"url":{"kind":"Url","uri":""}},"environment":[],"operatorModel":{"kind":"OperatorModel"}},"qtHash":"","columnHash":"","rowHash":""}}