{"kind":"TableSchema","id":"cade6e31444e560e1eb99616b9049584","isDeleted":false,"rev":"2-0d1d0f1f844f9ffae957f12cdcdd9e40","description":"","name":"Crabs DataB.csv","createdBy":"test","acl":{"kind":"Acl","owner":"test","aces":[]},"createdDate":{"kind":"Date","value":"2023-09-12T13:57:05.938065Z"},"lastModifiedDate":{"kind":"Date","value":"2023-09-12T13:57:05.938065Z"},"urls":[],"tags":[],"meta":[],"url":{"kind":"Url","uri":""},"version":"","authors":[],"isPublic":false,"projectId":"2aa4e5e69e49703961f2af4c5e000dd1","folderId":"","nRows":1000,"columns":[{"kind":"ColumnSchema","id":"52794f0f-a0bf-4a4c-9a79-27ea59a53f5b","name":"observation","type":"double","nRows":0,"size":-1,"metaData":{"kind":"ColumnSchemaMetaData","sort":[],"ascending":true,"quartiles":[],"properties":[]}},{"kind":"ColumnSchema","id":"a89da154-baf4-4e97-916a-e862e2669790","name":"color","type":"string","nRows":0,"size":-1,"metaData":{"kind":"ColumnSchemaMetaData","sort":[],"ascending":true,"quartiles":[],"properties":[]}},{"kind":"ColumnSchema","id":"1bb895aa-838d-4079-b6f5-f5df4dc7052e","name":"sex","type":"string","nRows":0,"size":-1,"metaData":{"kind":"ColumnSchemaMetaData","sort":[],"ascending":true,"quartiles":[],"properties":[]}},{"kind":"ColumnSchema","id":"74c7b8eb-1671-417e-be8f-a6b2707f9516","name":"variable","type":"string","nRows":0,"size":-1,"metaData":{"kind":"ColumnSchemaMetaData","sort":[],"ascending":true,"quartiles":[],"properties":[]}},{"kind":"ColumnSchema","id":"1c2760c7-d980-4a96-b844-36fd950086b5","name":"measurement","type":"double","nRows":0,"size":-1,"metaData":{"kind":"ColumnSchemaMetaData","sort":[],"ascending":true,"quartiles":[],"properties":[]}},{"kind":"ColumnSchema","id":"7fe5b459-ed51-4fb6-8870-23c12d6362b6","name":"filename","type":"string","nRows":0,"size":-1,"metaData":{"kind":"ColumnSchemaMetaData","sort":[],"ascending":true,"quartiles":[],"properties":[]}},{"kind":"ColumnSchema","id":"18fba872-7c9a-4017-985a-8bdc20a3680c","name":"filename_of_zip","type":"string","nRows":0,"size":-1,"metaData":{"kind":"ColumnSchemaMetaData","sort":[],"ascending":true,"quartiles":[],"properties":[]}}],"dataDirectory":"default/c0/df/dfc055394a0d4eb69b26efa5bb202952","relation":{"kind":"Relation","id":"345074c7-b268-450d-ac95-12b6f2d8634e"}}