{"kind":"ROperator","id":"4ab697ac5fee344b8b1297f3c602199f","isDeleted":false,"rev":"1-53793d80db79ea05ee945ba63f2d85ee","description":"Calculates the middle value of a range. The value that has an equal number of values above and below it.","name":"Median","createdBy":"test","acl":{"kind":"Acl","owner":"test","aces":[]},"createdDate":{"kind":"Date","value":"2023-09-05T12:55:58.483466Z"},"lastModifiedDate":{"kind":"Date","value":"2023-09-05T12:55:58.483466Z"},"urls":[{"kind":"Url","uri":"https://github.com/tercen/median_operator"}],"tags":["basic statistics"],"meta":[{"kind":"Pair","key":"runtime","value":"R-4.0"}],"url":{"kind":"Url","uri":"https://github.com/tercen/median_operator"},"version":"1.1.0","authors":["tercen"],"isPublic":true,"properties":[],"longDescription":"","path":"d5/98/98d5bd85-1d16-430b-a2c5-fdc57d67c034/tercen-median_operator-fa09219"}