{"kind":"CubeQueryTableSchema","id":"4ab697ac5fee344b8b1297f3c6017f23","isDeleted":false,"rev":"1-855191183662ffa0e97e530cf8787b02","description":"","name":"column","createdBy":"test","acl":{"kind":"Acl","owner":"test","aces":[]},"createdDate":{"kind":"Date","value":"2023-09-05T12:54:43.374518Z"},"lastModifiedDate":{"kind":"Date","value":"2023-09-05T12:54:43.374518Z"},"urls":[],"tags":[],"meta":[{"kind":"Pair","key":"color.size_in_bytes","value":"120"}],"url":{"kind":"Url","uri":""},"version":"","authors":[],"isPublic":false,"projectId":"2aa4e5e69e49703961f2af4c5e000dd1","folderId":"","nRows":2,"columns":[{"kind":"ColumnSchema","id":"15c20b3e-2125-419c-be51-787a8b13ba09","name":"color","type":"string","nRows":0,"size":-1,"metaData":{"kind":"ColumnSchemaMetaData","sort":[],"ascending":true,"quartiles":[],"properties":[]}}],"dataDirectory":"default/90/02/0290437fd4294c0c81aadbde4617f0b2","relation":{"kind":"Relation","id":"576a9dbe-d461-4de7-81df-c8c0c21367ab"},"queryHash":"4ab697ac5fee344b8b1297f3c6014828","queryTableType":"column","query":{"kind":"CubeQuery","relation":{"kind":"Relation","id":"279cf1cc-e065-412a-98ed-7ece9a81ff08"},"colColumns":[],"rowColumns":[],"axisQueries":[],"filters":{"kind":"Filters","removeNaN":true,"namedFilters":[]},"operatorSettings":{"kind":"OperatorSettings","namespace":"","operatorRef":{"kind":"OperatorRef","name":"","version":"","operatorId":"","operatorKind":"","propertyValues":[],"url":{"kind":"Url","uri":""}},"environment":[],"operatorModel":{"kind":"OperatorModel"}},"qtHash":"","columnHash":"","rowHash":""}}