{"kind":"TableSchema","id":"cade6e31444e560e1eb99616b90047f1","isDeleted":false,"rev":"2-6ea1d36e773192653d42359ac6b121e3","description":"","name":"Crabs DataB.csv","createdBy":"test","acl":{"kind":"Acl","owner":"test","aces":[]},"createdDate":{"kind":"Date","value":"2023-09-12T12:48:37.219984Z"},"lastModifiedDate":{"kind":"Date","value":"2023-09-12T12:48:37.219984Z"},"urls":[],"tags":[],"meta":[],"url":{"kind":"Url","uri":""},"version":"","authors":[],"isPublic":false,"projectId":"2aa4e5e69e49703961f2af4c5e000dd1","folderId":"","nRows":1000,"columns":[{"kind":"ColumnSchema","id":"fa7f137f-95d5-4a79-b476-70131e618f44","name":"observation","type":"double","nRows":0,"size":-1,"metaData":{"kind":"ColumnSchemaMetaData","sort":[],"ascending":true,"quartiles":[],"properties":[]}},{"kind":"ColumnSchema","id":"f25973ec-cc78-461d-946e-1ffba23f5167","name":"color","type":"string","nRows":0,"size":-1,"metaData":{"kind":"ColumnSchemaMetaData","sort":[],"ascending":true,"quartiles":[],"properties":[]}},{"kind":"ColumnSchema","id":"33d33857-90a7-4429-a774-00b92d89505d","name":"sex","type":"string","nRows":0,"size":-1,"metaData":{"kind":"ColumnSchemaMetaData","sort":[],"ascending":true,"quartiles":[],"properties":[]}},{"kind":"ColumnSchema","id":"5edc2b0c-e74b-4d54-80f1-9bc1f734e486","name":"variable","type":"string","nRows":0,"size":-1,"metaData":{"kind":"ColumnSchemaMetaData","sort":[],"ascending":true,"quartiles":[],"properties":[]}},{"kind":"ColumnSchema","id":"772c1a6e-9349-4224-926c-5cb1cf28e654","name":"measurement","type":"double","nRows":0,"size":-1,"metaData":{"kind":"ColumnSchemaMetaData","sort":[],"ascending":true,"quartiles":[],"properties":[]}}],"dataDirectory":"default/71/c0/c071d2bbaffd4ababdf1302edc903a09","relation":{"kind":"Relation","id":"f0c4a38a-8ec2-40c4-9a27-8311af56c78f"}}