{"kind":"CubeQueryTableSchema","id":"cade6e31444e560e1eb99616b9006969","isDeleted":false,"rev":"1-5208a81ed3fd33eca88bd4725b2a5498","description":"","name":"column","createdBy":"test","acl":{"kind":"Acl","owner":"test","aces":[]},"createdDate":{"kind":"Date","value":"2023-09-12T12:48:45.020349Z"},"lastModifiedDate":{"kind":"Date","value":"2023-09-12T12:48:45.020349Z"},"urls":[],"tags":[],"meta":[{"kind":"Pair","key":"color.size_in_bytes","value":"120"}],"url":{"kind":"Url","uri":""},"version":"","authors":[],"isPublic":false,"projectId":"2aa4e5e69e49703961f2af4c5e000dd1","folderId":"","nRows":2,"columns":[{"kind":"ColumnSchema","id":"c30cd5db-d229-4c94-9569-3ca4e35268b3","name":"color","type":"string","nRows":0,"size":-1,"metaData":{"kind":"ColumnSchemaMetaData","sort":[],"ascending":true,"quartiles":[],"properties":[]}}],"dataDirectory":"default/86/4d/4d86af7ba9874ccb86531be3d53bbeef","relation":{"kind":"Relation","id":"17a22aba-59d8-436b-88a1-894025e4a026"},"queryHash":"cade6e31444e560e1eb99616b9006969","queryTableType":"column","query":{"kind":"CubeQuery","relation":{"kind":"Relation","id":"be5ea6a9-53af-427a-a8af-a7b672f2f7c6"},"colColumns":[],"rowColumns":[],"axisQueries":[],"filters":{"kind":"Filters","removeNaN":true,"namedFilters":[]},"operatorSettings":{"kind":"OperatorSettings","namespace":"","operatorRef":{"kind":"OperatorRef","name":"","version":"","operatorId":"","operatorKind":"","propertyValues":[],"url":{"kind":"Url","uri":""}},"environment":[],"operatorModel":{"kind":"OperatorModel"}},"qtHash":"","columnHash":"","rowHash":""}}