{"kind":"CubeQueryTableSchema","id":"4ab697ac5fee344b8b1297f3c6018a66","isDeleted":false,"rev":"1-e32857b28c330b5386f3ac7b7b95b4f6","description":"","name":"row","createdBy":"test","acl":{"kind":"Acl","owner":"test","aces":[]},"createdDate":{"kind":"Date","value":"2023-09-05T12:54:43.374518Z"},"lastModifiedDate":{"kind":"Date","value":"2023-09-05T12:54:43.374518Z"},"urls":[],"tags":[],"meta":[{"kind":"Pair","key":"sex.size_in_bytes","value":"112"}],"url":{"kind":"Url","uri":""},"version":"","authors":[],"isPublic":false,"projectId":"2aa4e5e69e49703961f2af4c5e000dd1","folderId":"","nRows":2,"columns":[{"kind":"ColumnSchema","id":"727c5b70-5d86-4d87-91a8-b7efd4064b79","name":"sex","type":"string","nRows":0,"size":-1,"metaData":{"kind":"ColumnSchemaMetaData","sort":[],"ascending":true,"quartiles":[],"properties":[]}}],"dataDirectory":"default/c5/82/82c55b894c524c68bbc6c212951fd160","relation":{"kind":"Relation","id":"beb7a1dd-ef80-416a-a262-7fc25aa4b00b"},"queryHash":"4ab697ac5fee344b8b1297f3c60156b6","queryTableType":"row","query":{"kind":"CubeQuery","relation":{"kind":"Relation","id":"1774d92d-0d72-44c8-bc35-93f3b637c0e9"},"colColumns":[],"rowColumns":[],"axisQueries":[],"filters":{"kind":"Filters","removeNaN":true,"namedFilters":[]},"operatorSettings":{"kind":"OperatorSettings","namespace":"","operatorRef":{"kind":"OperatorRef","name":"","version":"","operatorId":"","operatorKind":"","propertyValues":[],"url":{"kind":"Url","uri":""}},"environment":[],"operatorModel":{"kind":"OperatorModel"}},"qtHash":"","columnHash":"","rowHash":""}}